Source,URL,Category,Keyword,Time,Title,Content
VN Express,https://vnexpress.net/nhat-ban-coi-viet-nam-la-doi-tac-khong-the-thieu-4879334.html,Chính trị,"Việt Nam,Nhật Bản,quan hệ Việt - Nhật,Tổng Bí thư Tô Lâm","Chủ nhật, 27/4/2025, 22:26 (GMT+7)",Nhật Bản coi Việt Nam là đối tác không thể thiếu,"Thủ tướng Ishiba Shigeru hội kiến Tổng Bí thư Tô Lâm, khẳng định Việt Nam là đối tác không thể thiếu của Nhật Bản. Trong cuộc hội kiến tại Trụ sở Trung ương Đảng ngày 27/4, Tổng Bí thư Tô Lâm hoan nghênh chuyến thăm của Thủ tướng Nhật Bản Ishiba Shigeru diễn ra đúng dịp Việt Nam long trọng tổ chức kỷ niệm 50 năm giải phóng miền Nam thống nhất đất nước, khẳng định chuyến thăm có ý nghĩa quan trọng, góp phần mở ra giai đoạn phát triển mới của quan hệ Đối tác chiến lược toàn diện giữa hai nước, theo Bộ Ngoại giao. Tổng Bí thư đề xuất 7 định hướng lớn để tăng cường hợp tác chiến lược giữa hai nước, trong đó có không ngừng tăng cường tin cậy chính trị, củng cố hợp tác an ninh - quốc phòng thực chất và hiệu quả, tăng cường hợp tác kinh tế trên nền tảng khoa học - công nghệ và nhân lực chất lượng cao, đề nghị Nhật Bản tích cực tham gia vào các dự án cơ sở hạ tầng trọng điểm thông qua nguồn vốn ODA thế hệ mới. Nhấn mạnh cần xác định hợp tác khoa học, công nghệ, đổi mới sáng tạo là trụ cột mới trong quan hệ song phương, Tổng Bí thư Tô Lâm đề nghị hai nước tăng cường hợp tác khoa học - công nghệ, đổi mới sáng tạo, chuyển đổi số, đào tạo nguồn nhân lực chất lượng cao. Thủ tướng Ishiba Shigeru khẳng định Việt Nam là đối tác không thể thiếu của Nhật Bản, nhấn mạnh Nhật Bản sẽ tiếp tục đồng hành, hỗ trợ Việt Nam xây dựng nền kinh tế độc lập tự chủ, thực hiện công nghiệp hóa, hiện đại hóa và thực hiện các mục tiêu chiến lược, kế hoạch phát triển kinh tế - xã hội trong kỷ nguyên phát triển mới. Ông đánh giá cao Việt Nam chủ trương bước sang kỷ nguyên mới với định hướng phát triển kinh tế, khoa học công nghệ, kết quả tích cực của công cuộc tinh gọn bộ máy của Việt Nam dưới sự chỉ đạo của Tổng Bí thư Tô Lâm, cũng như sự chủ động, tích cực của Việt Nam trong bối cảnh tình hình quốc tế, khu vực diễn biến phức tạp. Thủ tướng Ishiba tin tưởng Việt Nam sẽ tiếp tục giành được nhiều thành tựu mới, to lớn hơn nữa trong kỷ nguyên mới và khẳng định Nhật Bản sẵn sàng đồng hành với Việt Nam trong con đường phát triển của mình. Ông Ishiba khẳng định Nhật Bản sẽ làm sâu sắc hơn hợp tác kinh tế, ODA, đầu tư, tăng cường hợp tác an ninh - quốc phòng, an ninh mạng, gìn giữ hòa bình, văn hóa, giao lưu nhân dân thúc đẩy hợp tác trong các lĩnh vực mới như chuyển đổi số, đổi mới sáng tạo, lượng tử, bán dẫn, nhất trí hỗ trợ đào tạo nhân lực chất lượng cao tại Nhật Bản và tại trường Đại học Việt - Nhật, biểu tượng hợp tác của hai nước. Thủ tướng Nhật Bản khẳng định tiếp tục hỗ trợ, tạo điều kiện cho cộng đồng hơn 600.000 người Việt Nam sinh sống, học tập, làm việc tại nước này, cho biết Nhật Bản sẽ cử đoàn tham dự đại nhạc hội cảnh sát thế giới do Bộ Công an Việt Nam tổ chức. Tổng Bí thư Tô Lâm và Thủ tướng Ishiba đã trao đổi và nhất trí phối hợp chặt chẽ tại các diễn đàn khu vực và quốc tế như Liên Hợp Quốc, ASEAN, đóng góp thiết thực vào duy trì hòa bình, ổn định, hợp tác và phát triển của khu vực và trên thế giới. Thủ tướng Nhật Bản Ishiba Shigeru và phu nhân thăm chính thức Việt Nam ngày 27-29/4, theo lời mời của Thủ tướng Phạm Minh Chính và phu nhân. Đây là chuyến thăm Việt Nam đầu tiên của ông Ishiba Shigeru trên cương vị Thủ tướng Nhật Bản. Việt Nam - Nhật Bản thiết lập quan hệ ngoại giao từ năm 1973 và trở thành Đối tác Chiến lược Toàn diện năm 2023. Nhật Bản là nước tài trợ ODA, đối tác hợp tác lao động lớn nhất, nhà đầu tư số ba, đối tác du lịch và thương mại lớn thứ tư của Việt Nam. Năm 2024, tổng kim ngạch xuất nhập khẩu của Việt Nam với Nhật Bản đạt 46,2 tỷ USD, tăng 2,7% so với năm 2023. Ngọc Ánh"
VN Express,https://vnexpress.net/tong-bi-thu-khong-de-dan-toc-danh-mat-co-hoi-4879214.html,Chính trị,"chiến thắng 30/4,người Việt Nam ở nước ngoài,hòa hợp dân tộc,Tổng Bí thư Tô Lâm","Chủ nhật, 27/4/2025, 13:53 (GMT+7)",Tổng Bí thư: 'Không để dân tộc đánh mất cơ hội',"Tổng Bí thư Tô Lâm nhấn mạnh ""không để đất nước tụt hậu, không để dân tộc đánh mất cơ hội và không để lặp lại những vòng xoáy của lịch sử"", phải đặt lợi ích quốc gia - dân tộc lên trên hết. Ngày 27/4, Tổng Bí thư Tô Lâm có bài viết ""Nước Việt Nam là một, dân tộc Việt Nam là một"", khẳng định rằng thời khắc lá cờ giải phóng tung bay trên nóc Dinh Độc Lập trưa ngày 30/4/1975 là một sự kiện trọng đại, đánh dấu ngày miền Nam hoàn toàn giải phóng, đất nước thống nhất, non sông thu về một mối. Theo Tổng Bí thư, trong 30 năm kháng chiến chống thực dân và đế quốc (1945-1975), dù phải đối mặt với vô vàn gian khổ, hy sinh, ý chí về một nước Việt Nam độc lập, thống nhất chưa bao giờ bị lay chuyển. Hàng triệu người con ưu tú của dân tộc đã anh dũng chiến đấu, hy sinh, biết bao gia đình mất mát người thân, làng mạc, đô thị bị tàn phá. Ông nhắc lại những hình ảnh xúc động về những người mẹ tiễn con, vợ tiễn chồng ra trận, những em nhỏ lớn lên trong mưa bom, bão đạn, những chiến sĩ biệt động thành, dân quân du kích, bộ đội, thanh niên xung phong, dân công hỏa tuyến... Tất cả đều mang trong mình niềm tin mãnh liệt vào ngày thống nhất đất nước. ""Chiến thắng 30/4 là thành quả kết tinh từ lý tưởng và ý chí thép của một dân tộc không bao giờ bị khuất phục, từ máu xương của hàng triệu người con đất Việt, từ tình yêu quê hương, đất nước, từ bản lĩnh, niềm tin chiến thắng và quyết tâm không bao giờ lùi bước"", Tổng Bí thư khẳng định. Nửa thế kỷ khôi phục, hàn gắn và phát triển Người đứng đầu Đảng đánh giá hơn một thế kỷ qua, dân tộc Việt Nam đã trải qua những trang sử bi tráng, phải gánh chịu biết bao đau thương, mất mát dưới ách đô hộ, áp bức của thực dân, phong kiến và đặc biệt là hai cuộc chiến tranh khốc liệt kéo dài hơn ba thập kỷ. Chiến tranh không chỉ lấy đi sinh mạng của hàng triệu người, mà còn để lại những di chứng sâu sắc về thể chất, tinh thần, kinh tế xã hội và môi trường, ảnh hưởng đến cả những thế hệ sinh ra khi tiếng súng đã ngưng. Không có vùng đất nào trên quê hương Việt Nam không có đau thương; không có gia đình nào mà không gánh chịu những mất mát, hy sinh. Đến nay Việt Nam vẫn phải khắc phục hậu quả chiến tranh và bom mìn, chất độc da cam. Nhưng thời gian, lòng nhân ái, đức vị tha đã giúp dân tộc từng bước vượt qua nỗi đau, chữa lành vết thương, gác lại quá khứ, tôn trọng sự khác biệt hướng tới tương lai. ""Sau 50 năm đất nước thống nhất, chúng ta đã có đủ bản lĩnh, đủ niềm tin, sự tự hào và đủ bao dung để vượt qua đau thương cùng nhau nhìn về phía trước - để cuộc chiến tranh đã qua không còn là hố ngăn cách giữa những người con cùng một dòng máu Lạc Hồng"", Tổng Bí thư viết. Ông nhấn mạnh trên hành trình phát triển ấy, chính sách hòa hợp dân tộc luôn được Đảng và Nhà nước xác định là lựa chọn chiến lược lâu dài, là trụ cột trong khối đại đoàn kết toàn dân tộc. Nguyên nhân lịch sử dẫn đến chiến tranh bao gồm sự can thiệp, chia rẽ bên ngoài cho đến những âm mưu phá hoại tinh thần đoàn kết, gieo rắc thù hận vì mưu đồ chính trị. Nhưng ""mọi người Việt Nam, dù ở trong nước hay ngoài nước, dù từng đứng ở phía nào của lịch sử, đều cùng mang một cội nguồn, một ngôn ngữ, một tình yêu dành cho quê hương, đất nước"". Tổng Bí thư chia sẻ, những năm qua, trong các chuyến công tác tới hầu khắp các châu lục, ông đã có nhiều dịp gặp gỡ hàng nghìn đồng bào Việt Nam đang sinh sống ở nước ngoài, từ những trí thức trẻ lập nghiệp tại châu Âu, châu Mỹ, châu Á, châu Đại Dương đến những doanh nhân thành đạt, nghệ sĩ nổi tiếng, người lao động bình dị ở các ""miền đất mới"", kể cả nhiều người thuộc ""phía bên kia"" trước đây. Mỗi cuộc gặp đều để lại trong ông một ấn tượng sâu sắc, dù có thể khác biệt về quan điểm chính trị, trải nghiệm lịch sử hay điều kiện sống, họ đều mang trong lòng niềm tự hào dân tộc, đều là ""con dân đất Việt"" và nỗi nhớ quê hương. Ông từng chứng kiến nhiều cuộc gặp gỡ đầy cảm động giữa các cựu chiến binh Việt Nam và cựu binh Mỹ - những người từng đứng ở hai bên chiến tuyến, từng cầm súng đối đầu, nay có thể bắt tay, trò chuyện, chia sẻ với nhau bằng sự thấu hiểu chân thành và không còn mặc cảm. Ngày hôm nay, Việt Nam và Mỹ - từ cựu thù - đã trở thành đối tác chiến lược toàn diện. ""Vậy thì không có lý do gì để những người Việt Nam cùng chung huyết thống, cùng một mẹ Âu Cơ, luôn đau đáu về một đất nước thống nhất, phồn vinh, lại còn mang mãi trong lòng nỗi hận thù, chia rẽ và ngăn cách"", Tổng Bí thư nhấn mạnh. Theo người đứng đầu Đảng, hòa hợp dân tộc không có nghĩa là quên lãng lịch sử hay xóa nhòa sự khác biệt, mà là chấp nhận những góc nhìn khác nhau trong tinh thần bao dung và tôn trọng, để cùng hướng tới mục tiêu lớn hơn là xây dựng nước Việt Nam hòa bình, thống nhất, hùng mạnh, văn minh, thịnh vượng, để các thế hệ mai sau không bao giờ phải chứng kiến chiến tranh, chia ly và hận thù, mất mát như cha ông từng đối mặt. Tổng Bí thư tin tưởng rằng, mọi người con đất Việt, dù sinh sống ở đâu, dù quá khứ thế nào, đều có thể đồng hành, chung sức, góp phần xây dựng một tương lai tươi sáng cho dân tộc. Đảng và Nhà nước luôn nhất quán mở rộng vòng tay, trân trọng mọi đóng góp, lắng nghe mọi tiếng nói xây dựng, đoàn kết từ cộng đồng người Việt ở nước ngoài, những người đang góp phần kết nối Việt Nam với thế giới. ""Chúng ta không thể viết lại lịch sử, nhưng chúng ta có thể hoạch định lại tương lai. Quá khứ là để ghi nhớ, để tri ân và để rút ra bài học. Tương lai là để cùng nhau xây dựng kiến tạo và phát triển. Đó là lời hứa danh dự của thế hệ hôm nay với những người đã ngã xuống, là tâm nguyện chung của một dân tộc từng trải qua nhiều đau thương nhưng chưa bao giờ khuất phục"", bài viết có đoạn. Trước đây, không một người Việt Nam chân chính nào muốn đất nước mình bị chia cắt. Ngày nay, chắc chắn không một người Việt Nam chân chính nào lại không mong đất nước mình ngày càng hùng cường, thịnh vượng sánh vai cùng các cường quốc năm châu. Nhìn về phía trước,đổi mới và phát triển Tổng Bí thư cho rằng thế hệ hôm nay hiểu rõ độc lập và thống nhất không phải là cái đích cuối cùng, mà là điểm khởi đầu cho một hành trình mới, hành trình xây dựng một nước Việt Nam hòa bình, giàu mạnh, văn minh, phát triển và trường tồn. Nếu như thế hệ cha anh đã khắc ghi chân lý ""nước Việt Nam là một, dân tộc Việt Nam là một"" bằng những hy sinh mất mát, thì thế hệ hôm nay phải biến lý tưởng đó thành động lực phát triển, thành đôi cánh vươn lên trong thời đại mới. Trong bối cảnh thế giới biến động nhanh, khó lường, Việt Nam cần phải có bản lĩnh vững vàng, tỉnh táo, không để bị cuốn vào những vòng xoáy địa chính trị hay rơi vào thế bị động trước các xung đột quốc tế. Mỗi khúc quanh của lịch sử thế giới đều có thể trở thành cơ hội hoặc thách thức lớn cho các quốc gia nhỏ nếu chuẩn bị tốt hoặc không tốt nội lực. ""Hơn lúc nào hết, chúng ta cần xây dựng một nền kinh tế tự lực, tự cường; một nền quốc phòng an ninh toàn dân, toàn diện và hiện đại; một hệ thống chính trị tinh gọn, hiệu lực, hiệu quả, một xã hội phát triển, đoàn kết, văn hóa và nhân văn"", Tổng Bí thư kêu gọi. Muốn như vậy, cả nước phải phát huy trí tuệ và sức mạnh của toàn dân tộc, trong đó có cộng đồng người Việt Nam ở nước ngoài, bộ phận không tách rời của khối đại đoàn kết toàn dân. Trong kỷ nguyên số, kỷ nguyên của kết nối toàn cầu, mỗi người Việt Nam ở khắp năm châu đều có thể góp phần vào công cuộc dựng xây đất nước bằng chính tri thức, sự sáng tạo, lòng yêu nước và trách nhiệm công dân. Kỷ nguyên mới mà Việt Nam đang bước tới, với công nghệ trí tuệ nhân tạo, chuyển đổi số, kinh tế xanh và phát triển bền vững, đòi hỏi phải có tư duy mới, mô hình phát triển mới, con người mới. Tổng Bí thư Tô Lâm kêu gọi thế hệ hiện tại, từ cán bộ, đảng viên, công chức, viên chức đến mọi tầng lớp nhân dân nhận thức sâu sắc về trách nhiệm kế thừa và phát huy những giá trị di sản vĩ đại của cha ông, đồng thời làm rạng danh đất nước trong thời đại mới. Mỗi hành động hôm nay ""phải xứng đáng với máu xương đã đổ xuống, với những hy sinh mất mát mà cả dân tộc đã từng gánh chịu"". ""Chúng ta không thể để đất nước tụt hậu. Chúng ta không thể để dân tộc đánh mất cơ hội. Chúng ta không thể để lặp lại những vòng xoáy của lịch sử. Vì vậy, phải đặt lợi ích quốc gia, dân tộc lên trên hết. Chúng ta phải hành động vì tương lai lâu dài chứ không vì thành tích ngắn hạn"", Tổng Bí thư nhấn mạnh. >>> Bài viết ""Nước Việt Nam là một, dân tộc Việt Nam là một"" của Tổng Bí thư Tô Lâm Vũ Tuân"
VN Express,https://vnexpress.net/quang-ngai-tinh-dua-40-can-bo-so-ve-xa-sau-sap-nhap-4879238.html,Chính trị,"Kon Tum,cán bộ sở,Quảng Ngãi,chuyển cán bộ về cơ sở","Chủ nhật, 27/4/2025, 13:48 (GMT+7)",Quảng Ngãi tính đưa 40 cán bộ sở về xã sau sáp nhập,"Tỉnh Quảng Ngãi muốn luân chuyển gần 40 giám đốc, phó giám đốc sở về xã làm lãnh đạo, giảm áp lực dôi dư cán bộ khi sáp nhập với Kon Tum. Nội dung được Ban Thường vụ Tỉnh ủy Quảng Ngãi nêu trong đề xuất vừa gửi Ban Thường vụ Tỉnh ủy Kon Tum, để giải quyết tình trạng dôi dư nhân sự khi sáp nhập tỉnh. Theo đó, Quảng Ngãi dự kiến điều động khoảng 40 cán bộ, gồm giám đốc, phó giám đốc sở và tương đương, trưởng phòng và tương đương ở cấp tỉnh, về đảm nhận các vị trí bí thư, phó bí thư, chủ tịch, phó chủ tịch UBND cấp xã. Chủ trương này dựa trên Kết luận 150 của Bộ Chính trị, Nghị định 178 của Chính phủ và Công văn 03 của Ban Chỉ đạo Chính phủ, khuyến khích đưa cán bộ cấp tỉnh về cơ sở để đáp ứng nhu cầu lãnh đạo địa phương và tinh gọn bộ máy. Các xã có quy mô kinh tế, dân số lớn có thể bố trí ủy viên Ban Thường vụ Tỉnh ủy, Thành ủy làm bí thư đảng ủy. Theo phương án sắp xếp mới nhất, Quảng Ngãi giảm từ 170 đơn vị hành chính cấp xã còn 56, gồm 49 xã, 6 phường và 1 đặc khu Lý Sơn. Bí thư Tỉnh ủy Quảng Ngãi Bùi Thị Quỳnh Vân cho biết, nhiều cán bộ tỉnh, huyện đã tự nguyện đăng ký về các xã công tác. Ban Tổ chức Tỉnh ủy đang tổng hợp danh sách để phân công phù hợp. Quảng Ngãi rộng hơn 5.000 km2, với 13 huyện và 170 xã, dân số 1,5 triệu người, tỉnh có thế mạnh về công nghiệp và du lịch biển đảo, cảng biển. Kon Tum có diện tích gần 10.000 km2, gồm 9 huyện, 102 xã, dân số hơn 600.000 người, giáp Lào và Campuchia. Theo Nghị quyết của Trung ương, hai tỉnh sẽ sáp nhập và lấy tên Quảng Ngãi, trung tâm hành chính đặt tại TP Quảng Ngãi hiện nay. Hai tỉnh đang trao đổi, phối hợp để trình đề án sáp nhập lên Trung ương trước ngày 1/5. Liên quan đến nhân sự, lãnh đạo tỉnh Quảng Ngãi cho biết cả hai tỉnh đều mong muốn giữ lại một số cán bộ thường trực tại cơ sở, để sát dân do khoảng cách giữa hai địa phương lên đến 200-300 km, giao thông cách trở, nhưng việc này phải chờ ý kiến Trung ương. Phạm Linh"
VN Express,https://vnexpress.net/5-000-chuyen-bay-di-va-den-tp-hcm-dip-30-4-4879350.html,Giao thông,"Nghỉ lễ 30/4,Sân bay Tân Sơn Nhất","Thứ hai, 28/4/2025, 00:33 (GMT+7)",5.000 chuyến bay đi và đến TP HCM dịp 30/4,"Dịp nghỉ lễ 30/4-1/5 có hơn 5.000 chuyến bay đi và đến sân bay Tân Sơn Nhất, chiếm gần 70% trong tổng số hơn 7.500 chuyến bay nội địa dự kiến khai thác trên cả nước. Theo Cục Hàng không, trong giai đoạn cao điểm từ 30/4 đến 4/5, các hãng hàng không Việt Nam dự kiến cung ứng khoảng 1,5 triệu ghế trên hơn 7.500 chuyến bay nội địa, trung bình 685 chuyến mỗi ngày, tăng 21% so với cùng kỳ năm 2024. TP HCM là tâm điểm với 5.083 chuyến bay nội địa (hơn một triệu ghế, trung bình 462 chuyến/ngày). Riêng tuyến Hà Nội - TP HCM có hơn 1.200 chuyến bay được lên kế hoạch, tăng 16% so với năm trước. Tại Tân Sơn Nhất, ngày cao điểm dự kiến có 520 chuyến bay nội địa (tăng 35%) với sản lượng 95.000 hành khách (tăng 35%). Để đáp ứng nhu cầu, sân bay sẽ tăng công suất lên 46 chuyến cất hạ cánh mỗi giờ vào khung giờ 6-23h và 36 chuyến/giờ vào ban đêm, thay vì 40-42 chuyến/giờ như thông thường. Các hãng Vietnam Airlines, VietJet Air dự kiến tăng khoảng 20% chuyến bay đêm (23h-5h sáng). Mặc dù nhà ga T3 Tân Sơn Nhất đã khánh thành sớm hơn kế hoạch, phần lớn các chuyến bay nội địa của Vietnam Airlines và Vietjet Air vẫn hoạt động tại nhà ga T1. Trong khi đó,sân bay Nội Bàidự kiến ngày cao điểm nhất có 370 chuyến bay nội địa (tăng 40%) với khoảng 68.000 hành khách (tăng 40-45%). Điểm nổi bật tại Nội Bài dịp này là việc triển khai sử dụng sinh trắc học trên nền tảng VNeID để làm thủ tục cho các chuyến bay nội địa. Sân bay đã lắp đặt thiết bị tại 5 cửa kiểm tra an ninh và 15 cửa ra tàu bay ở nhà ga T1, giúp hành khách của Vietnam Airlines và Vietjet Air rút ngắn thời gian làm thủ tục và tăng trải nghiệm. Ngoài lượng khách nội địa, các sân bay trên cả nước dự kiến đón khoảng 5.000 chuyến bay quốc tế (trung bình 830 chuyến/ngày), tăng 20% so với cùng kỳ năm 2024, với sản lượng hành khách ước đạt 792.000, tập trung tại Tân Sơn Nhất, Nội Bài, Đà Nẵng, Cam Ranh và Phú Quốc. Cục Hàng không Việt Nam đã yêu cầu các hãng tăng cường tần suất chuyến bay, đồng thời phối hợp xử lý khiếu nại, kiến nghị của hành khách, tránh để xảy ra tình trạng quá tải và bức xúc tại các sân bay. Đoàn Loan"
VN Express,https://vnexpress.net/vietnam-airlines-hoan-chuyen-toan-bo-chuyen-bay-noi-dia-sang-ga-t3-tan-son-nhat-4879303.html,Giao thông,"Sân bay Tân Sơn Nhất,Vietnam Airlines,ga T3 Tân Sơn Nhất","Chủ nhật, 27/4/2025, 17:56 (GMT+7)",Vietnam Airlines hoãn chuyển toàn bộ chuyến bay nội địa sang ga T3 Tân Sơn Nhất,"Vietnam Airlines chưa chuyển hết các chuyến bay nội địa sang T3 như dự kiến mà trước mắt chỉ khai thác chặng TP HCM, Hà Nội và Vân Đồn tại nhà ga này. Thông tin được hãng đưa ra chiều 27/4, sau hơn một tuần ga T3 Tân Sơn Nhất khánh thành. Phương án ban đầu hãng chuyển tất cả chuyến bay nội địa sang nhà ga mới từ 28/4, nhưng dời lại để điều chỉnh theo thực tế. Vietnam Airlines sẽ phối hợp các bên liên quan thống nhất thời điểm triển khai và cập nhật thông tin cho hành khách. Hãng hiện chiếm gần 50% thị phần bay nội địa. Trước đó, ga T3 khi bắt đầu đưa vào khai thác, các chuyến bay từ TP HCM đi Hà Nội, Vân Đồn và ngược lại của Vietnam Airlines đã chuyển sang nhà ga mới. Do vậy, ngoài những đường bay này, toàn bộ các chuyến bay nội địa khác của hãng, cùng các chuyến bay của Pacific Airlines và VASCO vẫn tiếp tục khai thác ở ga T1. Khách mua vé và đi những chặng này vẫn tiếp tục đến nhà ga cũ làm thủ tục. Đại diện Vietnam Airlines cho biết từ khi chuyển một số chuyến bay sang ga T3, hoạt động khai thác của hãng nhận được phối hợp hiệu quả từ Tổng công ty Cảng hàng không Việt Nam (ACV) cũng như Cảng Hàng không quốc tế Tân Sơn Nhất. Hành khách đi lại thuận tiện và được trải nghiệm dịch vụ đồng bộ tại nhà ga mới. Sau một tuần ga T3 khánh thành, hãng đã khai thác hơn 390 chuyến bay, phục vụ hơn 100.000 lượt khách ở ga T3. Ngoài Vietnam Airlines, hiện các chuyến bay nội địa của Vietjet Air cũng chưa chuyển sang ga T3 như dự kiến trước đó vào dịp 30/4. Toàn bộ các chuyến bay trong nước của hãng vẫn khai thác ở ga T1. Ga T3 Tân Sơn Nhất khánh thành hôm 19/4, vượt tiến độ hai tháng so với kế hoạch ban đầu. Đây là nhà ga nội địa lớn nhất nước với quy mô phục vụ 20 triệu lượt khách mỗi năm, nâng tổng công suất ở Tân Sơn Nhất lên 50 triệu khách. Dự án có tổng đầu tư gần 11.000 tỷ đồng do Tổng công ty Cảng hàng không Việt Nam (ACV) làm chủ đầu tư, khởi công cuối năm 2022, trong đó gói thầu chính ga hành khách bắt đầu từ tháng 8/2023. Nhà ga T3 gồm ba hạng mục chính: ga hành khách, nhà xe cao tầng kết hợp dịch vụ phi hàng không và hệ thống cầu cạn. Trong đó, nhà ga có một tầng hầm, 4 tầng nổi, xây trên diện tích 112.500 m2. Ga được thiết kế thành hai phần đi - đến riêng biệt, có 90 quầy thủ tục, 20 quầy bagdrop thả hành lý tự động, 42 ki-ốt check in, 27 cửa ra máy bay... Hạng mục lớn khác là nhà xe cao tầng kết hợp dịch vụ phi hàng không gồm tổ hợp hai tầng hầm, 4 tầng nổi. Ngoài là nơi để xe, nơi đây bố trí các trung tâm thương mại, khách sạn, nhà hàng ăn uống phục vụ hành khách... Giang Anh"
VN Express,https://vnexpress.net/cam-xe-vao-trung-tam-tp-hcm-toi-27-4-4879262.html,Giao thông,"Nghỉ lễ 30/4,bắn pháo hoa,Cấm xe","Chủ nhật, 27/4/2025, 15:21 (GMT+7)",Cấm xe vào trung tâm TP HCM tối 27/4,"Xe bị cấm vào hơn 20 đường khu trung tâm từ 18h đến 22h hôm nay nhằm phục vụ bắn pháo hoa tầm cao, trong chuỗi chương trình kỷ niệm 50 năm thống nhất đất nước. Tối 27/4, trung tâm TP HCM diễn ra chương trình cầu truyền hình trực tiếp kỷ niệm 50 năm ""Ngày Giải phóng miền Nam, thống nhất đất nước"", trong đó pháo hoa tầm cao bắn từ 21h30 đến 21h45. Để đảm bảo an toàn, phục vụ người dân vui chơi trong thời gian tổ chức sự kiện, Phòng CSGT TP HCM (PC08)thông báo xe bị cấm vào hơn 20 đường khu trung tâm, từ 18h đến 22h, gồm:Lê Lợi (từ Pasteur đến Đồng Khởi), Nguyễn Huệ (Lê Thánh Tôn đến Tôn Đức Thắng), Đồng Khởi (Mạc Thị Bưởi đến Tôn Đức Thắng), Tôn Đức Thắng (Nguyễn Siêu đến cầu Khánh Hội). Những tuyến đường khác cũng cấm xe trong thời gian trên, gồm: Võ Văn Kiệt (Hồ Tùng Mậu đến hầm chui cầu Khánh Hội), Ngô Văn Năm (Nguyễn Siêu đến Tôn Đức Thắng), Nguyễn Siêu (Ngô Văn Năm đến Tôn Đức Thắng), Nguyễn Tất Thành (Hoàng Diệu đến cầu Khánh Hội), Hàm Nghi (Hồ Tùng Mậu đến Tôn Đức Thắng), Hải Triều (Hồ Tùng Mậu đến Nguyễn Huệ), Nguyễn Thiệp (Đồng Khởi đến Nguyễn Huệ). Các tuyến khác gồm: Huỳnh Thúc Kháng, Tôn Thất Thiệp (từ Hồ Tùng Mậu đến Nguyễn Huệ); Ngô Đức Kế (Đồng Khởi đến Hồ Tùng Mậu); Mạc Thị Bưởi (Đồng Khởi đến Nguyễn Huệ); Hai Bà Trưng (Đông Du đến Công trường Mê Linh); cầu Ba Son, Khánh Hội. Ngoài ra, trong thời gian trên xe cũng không được vào các đường quanh vòng xoay Công trường Mê Linh như: Ngô Đức Kế, Hồ Huấn Nghiệp, Phan Văn Đạt, Thi Sách, Hai Bà Trưng. PC08 hướng dẫn lộ trình thay thếcho hướng từ Bình Thạnh đi quận 4: Nguyễn Hữu Cảnh - Tôn Đức Thắng - Nguyễn Du - Cách Mạng Tháng Tám - Nguyễn Thị Nghĩa - Nguyễn Thái Học - cầu Ông Lãnh - Hoàng Diệu - Nguyễn Tất Thành. Hướng ngược lại từ quận 4 đi Bình Thạnh: Nguyễn Tất Thành - Hoàng Diệu - cầu Ông Lãnh - Nguyễn Thái Học - Nguyễn Thị Nghĩa - Cách Mạng Tháng Tám - Nguyễn Thị Minh Khai - Xô Viết Nghệ Tĩnh. Với hướng từ TP Thủ Đức đi quận 3, 5, xe có thể theo lộ trình: Võ Nguyên Giáp - Điện Biên Phủ - Đinh Tiên Hoàng - Võ Thị Sáu - Ba Tháng Hai - Lê Hồng Phong. Nếu theo hướng ngược lại (quận 3, 5 đi Thủ Đức): Lê Hồng Phong - Điện Biên Phủ - Võ Nguyên Giáp. TP HCM đang triển khai các khâu chuẩn bị và tổ chức nhiều sự kiện ở khu trung tâm mừng đại lễ 30/4. Giao thông tại khu vực này gần đâyđược điều chỉnhphục vụ các chương trình, do vậy cơ quan quản lý khuyến cáo người dân nắm thông tin để chủ động lựa chọn các lộ trình phù hợp. Giang Anh"
VN Express,https://vnexpress.net/nga-tuyen-bo-se-xoa-so-luc-luong-ukraine-con-bam-tru-o-kursk-4879330.html,Quân sự,"Ukraine,Nga,Chiến sự Nga Ukraine,tỉnh Kursk","Chủ nhật, 27/4/2025, 21:54 (GMT+7)",Nga tuyên bố sẽ xóa sổ lực lượng Ukraine còn bám trụ ở Kursk,"Chỉ huy lữ đoàn Nga cho biết một số nhóm quân Ukraine còn bám trụ trong rừng tại Kursk, tuyên bố sẽ truy quét và xóa sổ lực lượng này. ""Chúng tôi đã kiểm soát hoàn toàn làng Gornal và củng cố vị trí tại khu dân cư. Các đơn vị đang tảo thanh những khu rừng ở phía tây và nam ngôi làng. Tàn quân đối phương còn bám trụ tại đó sẽ bị truy quét và xóa sổ trong tương lai gần"", chỉ huy Lữ đoàn Hải quân đánh bộ số 810 nói trong cuộc họp với Tổng thống Vladimir Putin được công bố hôm nay. Bộ Quốc phòng Nga sau đó đăng video từ thiết bị bay không người lái, cho thấy cuộc tấn công của cánh quân Bắc vào làng Gornal. Tổng thống Volodymyr Zelensky cùng ngày tuyên bố quân đội Ukraine vẫn chiến đấu ở Kursk. ""Lực lượng của chúng tôi tiếp tục nỗ lực bảo vệ các khu vực đã được xác định ở Kursk và Belgorod"", ông Zelensky nói, nhưng thừa nhận tình hình khó khăn ở nhiều mặt trận, trong đó có tỉnh Kursk. Các phát biểu được đưa ra một ngày sau khi Tổng tham mưu trưởng quân đội Nga Valery Gerasimov tuyên bố các đơn vị nước này đã giành lại Gornal, ngôi làng cuối cùng do Ukraine kiểm soát, và ""hoàn tất chiến dịch giải phóng tỉnh Kursk"". Tổng thống Putin sau đó cũng khẳng định ""cuộc phiêu lưu quân sự của Ukraine đã thất bại"", cho rằng Kiev phải gánh chịu nhiều tổn thất to lớn, trong đó có thiệt hại với các đơn vị được huấn luyện tốt nhất và trang bị vũ khí phương Tây. DeepState, nhóm phân tích tình báo có liên hệ với Bộ Quốc phòng Ukraine, hôm 26/4 công bố bản đồ cục diện chiến sự và khẳng định Kiev vẫn nắm giữ khoảng 17 km2 lãnh thổ tại tỉnh Kursk, chủ yếu là những dải đất và vạt rừng thưa nằm sát biên giới hai nước. Làng Gornal được đặt trong vùng xám, khu vực được coi là tranh chấp và chưa bên nào kiểm soát hoàn toàn. Quân đội Ukraine tháng 8/2024 mở chiến dịch tấn công tỉnh Kursk của Nga nhằm buộc đối phương rút lực lượng về bảo vệ tỉnh biên giới, ngăn bước tiến của họ ở mặt trận Donbass, gồm tỉnh Donetsk và Lugansk, đồng thời tạo đòn bẩy cho chính quyền Tổng thống Volodymyr Zelensky tại những cuộc đàm phán trong tương lai. Ukraine tiến quân nhanh chóng trong vài tuần đầu của chiến dịch, chiếm được khoảng 1.300 km2 lãnh thổ ở tỉnh Kursk. Tuy nhiên, Nga đã củng cố lực lượng sau thời gian bất ngờ ban đầu và điều hàng chục nghìn quân tham gia phản công tại tỉnh Kursk. Quân đội Nga đầu tháng 3 mở chiến dịch phản công quy mô lớn và giành lại phần lớn lãnh thổ bị Kiev chiếm tại tỉnh Kursk, trong đó có hơn 30 khu dân cư và thị trấn chiến lược Sudzha. Lực lượng Nga còn tiến quân qua biên giới và kiểm soát một số khu vực thuộc tỉnh Sumy của Ukraine. Bộ tổng tham mưu quân đội Ukraine ngày 22/3 khẳng định chiến dịch Kursk đã ""đạt được hầu hết mục tiêu"". Tổng thống Volodymyr Zelensky trước đó một tuần cũng tuyên bố Ukraine đã ""hoàn thành mục tiêu"" trong chiến dịch Kursk, giúp ổn định tình hình mặt trận Donetsk và Kharkov. Ngọc Ánh(TheoReuters, AFP)"
VN Express,https://vnexpress.net/doan-viet-nam-hop-luyen-duyet-binh-tai-thao-truong-nga-4879319.html,Quân sự,"Việt Nam,Nga,Quảng trường Đỏ","Chủ nhật, 27/4/2025, 20:28 (GMT+7)",Đoàn Việt Nam hợp luyện duyệt binh tại thao trường Nga,"Đoàn Quân đội Nhân dân Việt Nam hợp luyện duyệt binh cùng các nước tại thao trường Alabino, chuẩn bị cho lễ Duyệt binh Chiến thắng trên Quảng trường Đỏ. Đoàn Quân đội Nhân dân Việt Nam sáng nay có mặt tại thao trường Alabino, ngoại ô thủ đô Moskva của Nga, để hợp luyện cùng đoàn quân đội các nước sẽ tham gia Duyệt binh Chiến thắng trên Quảng trường Đỏ ngày 9/5, theoQĐND. Đây là buổi hợp luyện đầu tiên giữa đoàn quân đội các nước sau hai ngày làm quen với môi trường mới và thích nghi thời tiết. Trong buổi hợp luyện, các đoàn nắm được vị trí và thứ tự xuất phát trong lễ duyệt binh, cũng như quy định của ban tổ chức. Nhiệt độ buổi sáng tại thao trường Alabino vào khoảng 2 độ C, trời có nắng và gió, gây cảm giác rét tê cóng. Thao trường Alabino nằm trong khuôn viên công viên quân sự Patriot, cách trung tâm thủ đô Moskva khoảng 100 km. Đây là một trong những thao trường nổi tiếng nhất của Nga, là nơi tập trung và huấn luyện các lực lượng duyệt binh trên Quảng trường Đỏ, cũng như cơ sở hạ tầng để tổ chức giải đua xe tăng Tank Biathlon. Đoàn công tác Quân đội Nhân dân Việt Nam, gồm 86 quân nhân, hôm 24/4 tới thủ đô Moskva và ổn định chỗ ăn nghỉ, bắt đầu tập duyệt binh sau đó một ngày. 68 quân nhân của Trường Sĩ quan Lục quân 1 sẽ đại diện cho Quân đội Nhân dân Việt Nam tham gia lễ duyệt binh kỷ niệm 80 năm Ngày Chiến thắng trong Chiến tranh Vệ quốc Vĩ đại, diễn ra trên Quảng trường Đỏ ở thủ đô Moskva ngày 9/5. Các quân nhân tham gia duyệt binh có tuổi đời 19-30 và chiều cao từ 1,8 m trở lên. Đây là những cán bộ, giảng viên, học viên có thể hình cân đối, thực hiện động tác điều lệnh nhanh, mạnh, chuẩn xác. Nga mời Việt Nam cử lực lượng tham gia duyệt binh tại Quảng trường Đỏ ngày 9/5 thể hiện sự tôn trọng, đánh giá cao vai trò của Việt Nam, cũng là minh chứng sinh động cho mối quan hệ hữu nghị truyền thống, đối tác chiến lược toàn diện giữa hai nước, đặc biệt là trong lĩnh vực hợp tác quốc phòng và kỹ thuật quân sự. Ngọc Ánh"
VN Express,https://vnexpress.net/quan-doi-an-do-pakistan-dau-sung-ba-dem-lien-tiep-o-vung-tranh-chap-4879227.html,Quân sự,"Ấn Độ,Pakistan","Chủ nhật, 27/4/2025, 15:29 (GMT+7)","Quân đội Ấn Độ, Pakistan đấu súng ba đêm liên tiếp ở vùng tranh chấp","Binh sĩ Ấn Độ và Pakistan đấu súng đêm thứ ba liên tiếp tại vùng Kashmir đang tranh chấp, khi quan hệ song phương xuống mức thấp nhất nhiều năm. Quân đội Ấn Độ hôm nay cho biết binh sĩ Pakistan tại nhiều tiền đồn quân sự dọc Đường kiểm soát ở Kashmir đêm 26/4 đã ""khai hỏa vô cớ"" vũ khí cỡ nhỏ về phía các vị trí của họ. ""Binh sĩ của chúng tôi đáp trả hiệu quả bằng vũ khí hạng nhẹ phù hợp"", quân đội Ấn Độ cho biết. Đây là đêm thứ ba liên tiếp quân đội Ấn Độ và Pakistan đấu súng ở vùng có tranh chấp này. Giới chức Pakistan chưa bình luận về thông tin. Quan hệ giữa Ấn Độ và Pakistan trở nên căng thẳng sau vụ nhóm Kháng chiến Kashmir (TRF) có liên hệ với tổ chức vũ trang Lashkar-e-Taiba ở Pakistan ngày 22/4 xả súng vào khu nghỉ dưỡng thuộc vùng Jammu và Kashmir, miền bắc Ấn Độ. Thảm kịch khiến 26 người thiệt mạng, trong đó có 25 công dân Ấn Độ. Cảnh sát Ấn Độ phát lệnh truy nã với hai người Pakistan, một người Ấn Độ, nghi là thành viên Lashkar-e-Taiba, nhóm bị Liên Hợp Quốc coi là tổ chức khủng bố. Bộ Nội vụ Ấn Độ đã bàn giao cho Cơ quan Điều tra Quốc gia, chuyên ứng phó chủ nghĩa khủng bố, điều tra sự việc. Ấn Độ ngày 23/4 thông báo loạt động thái ngoại giao nhằm vào Pakistan, trong đó có lập tức đình chỉ Hiệp ước Nước sông Indus 1960 về chia sẻ nguồn nước từ các phụ lưu của dãy Himalaya, cho đến khi Islamabad ""ngừng hỗ trợ khủng bố xuyên biên giới"". Pakistan ngày 24/4 cảnh báo sẽ coi mọi nỗ lực nhằm tác động đến dòng chảy sông Indus là ""hành động tuyên chiến"", sẽ đáp trả bằng toàn bộ sức mạnh của quốc gia trên mọi phương diện"". Như Tâm(TheoAFP)"
VN Express,https://vnexpress.net/anh-singapore-chua-dat-duoc-dong-thuan-thue-quan-voi-my-4879295.html,Quốc tế,"Donald Trump,thuế quan,Thuế đối ứng của Mỹ,đàm phán thuế với Mỹ","Chủ nhật, 27/4/2025, 18:37 (GMT+7)","Anh, Singapore chưa đạt được đồng thuận thuế quan với Mỹ","Đàm phán về thuế quan của Anh và Singapore với Mỹ chưa đạt kết quả, nên sẽ có thêm các vòng thảo luận tiếp theo giữa các bên. Chính quyền của Tổng thống Donald Trumphoãn áp thuế đối ứngở mức cao với hàng chục đối tác thương mại trong 90 ngày, trừ Trung Quốc, và thuế tạm áp là 10%. Việc này buộc các nước ngồi lại đàm phán cùng Mỹ, để tránh chịu mức thuế cao khi thời hạn tạm hoãn kết thúc. Ngày 25/4, Bộ trưởng Tài chính Anh Rachel Reeves có cuộc gặp đàm phán về thuế quan với Bộ trưởng Tài chính Mỹ Scott Bessent. Bà Rachel Reeves mô tả cuộc họp tại Washington là ""lạc quan và tích cực"", nhưng cảnh báo rằng Anh sẽ không vội vàng ký một thỏa thuận thương mại mới với Mỹ. Hai bên đã thảo luận về các biện pháp nhằm tăng cường quan hệ kinh tế song phương, trong đó có việc tháo gỡ một số rào cản thuế quan giữa hai nước. Theo đó, Mỹ đã đề xuất Anh giảm thuế nhập khẩu với ôtô của nước này, trong khi London muốn được miễn trừ mức thuế 25% mà Washington hiện áp với ôtô, nhôm và thép của họ. Bà Reeves nhấn mạnh rằng bất kỳ thỏa thuận nào cũng phải ""phục vụ lợi ích quốc gia"" của Anh và không làm suy yếu các tiêu chuẩn nông nghiệp, một chủ đề vốn gây tranh cãi trong các cuộc đàm phán thương mại giữa Anh và Mỹ kể từ Brexit. Bà nói ""chúng tôi sẽ không ký bất kỳ thỏa thuận nào bằng mọi giá"", và nhấn mạnh họ sẽ theo đuổi cách tiếp cận thực tế, hướng đến kết quả lâu dài thay vì nhượng bộ ngắn hạn. Các quan chức Anh cho biết thêm rằng vẫn còn khoảng cách trong các cuộc đàm phán liên quan đến quy định tiêu chuẩn sản phẩm, tiếp cận thị trường nông sản và các điều khoản về dịch vụ kỹ thuật số. Về phía Mỹ, Bộ trưởng Bessent mô tả các cuộc thảo luận với Anh là ""xây dựng và đầy triển vọng"", đồng thời bày tỏ hy vọng rằng hai bên có thể đạt được ""tiến bộ đáng kể"" trong những tháng tới. Tuy nhiên, giới chuyên gia thương mại nhận định rằng khả năng hai nước đạt được một thỏa thuận toàn diện khá thấp, do những phức tạp trong quá trình đàm phán. Đàm phán giữaMỹ và Singaporecũng chưa đạt được kết quả. Phó thủ tướng kiêm Bộ trưởng Thương mại và Công nghiệp Singapore Gan Kim Yong cho biết trong bài đăng trênLinkedInngày 26/4 rằng, trong cuộc họp trực tuyến với Bộ trưởng Thương mại Mỹ Howard Lutnick một ngày trước đó, hai bên đã trao đổi về thúc đẩy hợp tác kinh tế và thương mại song phương. Tuy nhiên, phía Mỹ vẫn chưa đồng ý hạ mức thuế 10% áp dụng từ ngày 5/4. ""Chúng tôi nhất trí tiếp tục thảo luận các giải pháp thực tiễn để làm sâu sắc hơn quan hệ kinh tế,"" ông Gan cho biết. Ông cũng mời Bộ trưởng Lutnick thăm Singapore nhằm thúc đẩy hơn nữa quan hệ song phương. Trong khi đó vớiNhật Bản, Tổng thống Donald Trump tuyên bố rằng Mỹ đang ""rất gần"" đạt được thỏa thuận thuế quan với nước này. Ông bày tỏ lạc quan về tiến trình đàm phán và cho biết sẽ gặp các lãnh đạo nước ngoài trong chuyến đi sắp tới. Trưởng đoàn đàm phán thuế quan của Nhật Bản, ông Ryosei Akazawa, dự kiến đến Mỹ từ ngày 30/4 để tiến hành vòng đàm phán thứ hai với phía Mỹ. Trước đó, ông Akazawa đã yêu cầu Mỹ dỡ bỏ thuế đối với ô tô và thép của Nhật Bản, nhưng chính quyền Trump cho biết không thể dành ưu đãi đặc biệt chỉ cho Nhật Bản. Quỳnh Trang(theo The Guardian, Reuters, Straight times, Japan Times)"
VN Express,https://vnexpress.net/gach-dong-tam-tu-xuong-nho-cha-truyen-con-noi-thanh-doanh-nghiep-nghin-ty-4879353.html,Doanh nghiệp,"TP HCM,bầu Thắng,Đồng Tâm,gạch Đồng Tâm,50 năm kinh tế TP HCM,ông Võ Quốc Thắng",N/A,N/A,"Sản phẩm bông, gạc Bạch Tuyết từng phủ khắp bệnh viện, nhà thuốc và các hộ gia đình những năm 90, sau đó lặng lẽ biến mất, mãi đến gần đây xuất hiện trở lại, hồi sinh ngoạn mục nhờ bán     hàng livestream.78"
VN Express,https://vnexpress.net/hdbank-tu-ngan-hang-phat-trien-nha-cua-tp-hcm-den-tap-doan-tai-chinh-ty-usd-4878871.html,Ebank,"TP HCM,HDBank,Lễ kỷ niệm 50 năm thống nhất đất nước","Thứ hai, 28/4/2025, 10:00 (GMT+7)",N/A,"Ngân hàng đồng hành chương trình mổ mắt miễn phí, lan tỏa ánh sáng nhân ái và trách nhiệm cộng đồng trong hành trình phát triển bền vững. Ảnh:HDBank Ngân hàng đồng hành chương trình mổ mắt miễn phí, lan tỏa ánh sáng nhân ái và trách nhiệm cộng đồng trong hành trình phát triển bền vững. Ảnh:HDBank Lễ khánh thành Trung tâm Cách mạng Công nghiệp lần thứ tư (C4IR). HDBank là thành viên đồng sáng lập C4IR, cùng TP HCM kiến tạo không gian đổi mới sáng tạo trong kỷ nguyên công nghiệp 4.0. Ảnh:HDBank Lễ khánh thành Trung tâm Cách mạng Công nghiệp lần thứ tư (C4IR). HDBank là thành viên đồng sáng lập C4IR, cùng TP HCM kiến tạo không gian đổi mới sáng tạo trong kỷ nguyên công nghiệp 4.0. Ảnh:HDBank Green Cần Giờ Marathon HDBank 2024 thu hút hơn 3.000 runner trong nước và quốc tế tham gia, cùng nhiều hoạt động ý nghĩa vì môi trường lẫn cộng đồng. Ảnh:HDBank Green Cần Giờ Marathon HDBank 2024 thu hút hơn 3.000 runner trong nước và quốc tế tham gia, cùng nhiều hoạt động ý nghĩa vì môi trường lẫn cộng đồng. Ảnh:HDBank Nhân viên HDBank chung tay vì môi trường xanh tại Cần Giờ (TP HCM) - thể hiện cam kết sống xanh, làm việc xanh, phát triển bền vững cùng cộng đồng. Ảnh:HDBank Nhân viên HDBank chung tay vì môi trường xanh tại Cần Giờ (TP HCM) - thể hiện cam kết sống xanh, làm việc xanh, phát triển bền vững cùng cộng đồng. Ảnh:HDBank Ngân hàng đồng hành chương trình mổ mắt miễn phí, lan tỏa ánh sáng nhân ái và trách nhiệm cộng đồng trong hành trình phát triển bền vững. Ảnh:HDBank Ngân hàng đồng hành chương trình mổ mắt miễn phí, lan tỏa ánh sáng nhân ái và trách nhiệm cộng đồng trong hành trình phát triển bền vững. Ảnh:HDBank Lễ khánh thành Trung tâm Cách mạng Công nghiệp lần thứ tư (C4IR). HDBank là thành viên đồng sáng lập C4IR, cùng TP HCM kiến tạo không gian đổi mới sáng tạo trong kỷ nguyên công nghiệp 4.0. Ảnh:HDBank Lễ khánh thành Trung tâm Cách mạng Công nghiệp lần thứ tư (C4IR). HDBank là thành viên đồng sáng lập C4IR, cùng TP HCM kiến tạo không gian đổi mới sáng tạo trong kỷ nguyên công nghiệp 4.0. Ảnh:HDBank"
VN Express,https://vnexpress.net/nguyen-tong-bien-tap-thoi-bao-ngan-hang-vao-hdqt-vietcombank-4879309.html,Ebank,"Vietcombank,Hội đồng quản trị,thành viên Hội đồng quản trị Vietcombank,Hoàng Thanh Nhàn,nguyên Tổng biên tập Thời báo Ngân hàng","Chủ nhật, 27/4/2025, 20:57 (GMT+7)",Nguyên Tổng biên tập Thời báo Ngân hàng vào HĐQT Vietcombank,"Bà Hoàng Thanh Nhàn, nguyên Tổng biên tập Thời báo Ngân hàng được bầu vào Hội đồng quản trị (HĐQT) Vietcombank nhiệm kỳ 2023-2028. Tại đại hội đồng cổ đông thường niên năm 2025 của Ngân hàng Ngoại Thương Việt Nam - Vietcombank, ngân hàng miễn nhiệm một thành viên HĐQT đồng thời bầu bổ sung hai người. Một trong hai nhân sự được bổ sung lần này là bà Hoàng Thanh Nhàn, Tổng biên tập thuộc Ngân hàng Nhà nước, trực tiếp tham mưu cho ban lãnh đạo cơ quan này. Bà Nhàn sinh năm 1972, trình độ Thạc sỹ ngân hàng, Cao cấp lý luận chính trị. Bà từng là phóng viên Kinh tế tại Báo Đầu tư (1994-1995), sau đó đảm nhiệm các vị trí trong lĩnh vực truyền thông, marketing tại VietinBank (1995-2014). Từ 2014, bà chuyển công tác về Ngân hàng Nhà nước, lần lượt giữ các chức vụ phụ trách truyền thông, Trưởng phòng, Trưởng bộ phận và Phó vụ trưởng Vụ Truyền thông. Từ tháng 1/2023 đến 3/2025, bà là Tổng biên tập Thời báo Ngân hàng. Từ tháng 3/2025 đến nay, bà giữ chức Tổng biên tập thuộc Ngân hàng Nhà nước, trực tiếp tham mưu cho ban lãnh đạo Ngân hàng Nhà nước. Ngoài bà Nhàn, Vietcombank cũng bầu bổ sung ông Kohei Matsuoka vào HĐQT nhiệm kỳ 2023-2028. Ông Matsuoka sinh năm 1969, là Ủy viên điều hành Ngân hàng Mizuho kiêm đồng Trưởng phòng Quản lý kinh doanh khu vực châu Á tại Phòng điều phối CIB toàn cầu, trụ sở chính Ngân hàng Mizuho Nhật Bản. Bên cạnh việc bầu bổ sung, Vietcombank miễn nhiệm ông Shojiro Mizoguchi, Thành viên HĐQT kiêm Phó tổng giám đốc theo đề xuất của Ngân hàng Mizuho về việc thay thế người đại diện và đã được Ngân hàng Nhà nước chấp thuận. Tại đại hội, cổ đông cũng thống nhất phương án phát hành cổ phiếu riêng lẻ tối đa 6,5% số cổ phần đang lưu hành. HĐQT được giao tìm nhà đầu tư chiến lược, nhà đầu tư chứng khoán chuyên nghiệp... để chào bán. Cổ đông cũng thông qua kế hoạch lợi nhuận hợp nhất Vietcombank năm 2025 tăng 3,5%, đạt hơn 43.700 tỷ đồng. Lợi nhuận trước thuế riêng lẻ dự kiến đạt hơn42.700 tỷ đồngvà được điều chỉnh theo ý kiến của Ngân hàng Nhà nước, Bộ Tài chính. Đến hết 2025, Vietcombank dự kiến tổng tài sản tăng khoảng 10%, huy động vốn thị trường dân cư tăng 8%. Tín dụng tăng tối đa khoảng 16% và thực hiện theo thông báo Ngân hàng Nhà nước. Quỳnh Trang"
VN Express,https://vnexpress.net/gan-mot-nua-luong-ca-ro-phi-xuat-khau-sang-my-4879315.html,Hàng hóa,"Việt Nam,Mỹ,cá rô phi,xuất khẩu,thuỷ sản,VASEP,Kinh tế Việt Nam,thủy sản Việt Nam","Chủ nhật, 27/4/2025, 22:00 (GMT+7)",Gần một nửa lượng cá rô phi xuất khẩu sang Mỹ,"Mỹ là thị trường tiêu thụ lớn nhất cá rô phi Việt Nam với giá trị mua hàng chiếm 46% kim ngạch xuất khẩu mặt hàng này. Hiệp hội Chế biến và Xuất khẩu Thủy sản Việt Nam (VASEP) cho biết quý đầu năm, xuất khẩu cá rô phi đạt gần 14 triệu USD, tăng 131% so với cùng kỳ năm trước. Số này cũng bằng khoảng một phần ba tổng kim ngạch xuất khẩu mặt hàng này trong năm ngoái (41 triệu USD). Trong đó, Mỹ là thị trường mua nhiều nhất, hơn 6 triệu USD, tăng gấp 3 lần so với cùng kỳ năm ngoái. Đây cũng là thị trường tiêu thụ lớn nhất cá rô phi Việt Nam với giá trị mua hàng chiếm 46% kim ngạch xuất khẩu của mặt hàng này. Năm ngoái, người Mỹ chi tới 19 triệu USD mua mặt hàng này của Việt Nam, tăng trưởng 572%. Các sản phẩm xuất sang thị trường này chủ yếu gồm cá đông lạnh nguyên con, phi lê đông lạnh... Quy mô thị trường cá rô phi toàn cầu khoảng 10,6 tỷ USD năm 2024 và dự báo đạt 14,5 tỷ USD vào 2033. Tại nhiều hội nghị thủy sản quốc tế, cá rô phi còn được gọi là ""cá của tương lai"". ""Điều đó cho thấy, ngành cá rô phi Việt Nam còn nhiều tiềm năng và cơ hội lớn để mở rộng quy mô sản xuất, đẩy mạnh xuất khẩu"", VASEP nhìn nhận. Theo Hiệp hội, Việt Nam có một số lợi thế trong xuất khẩu mặt hàng này khi là quốc gia xuất khẩu cá tra lớn nhất thế giới. Loài cá thịt trắng này có nhiều điểm tương đồng với cá rô phi, đều được nuôi và sinh trưởng trong cùng môi trường với điều kiện thuận lợi. Bên cạnh đó, Việt Nam có điều kiện khí hậu nhiệt đới (27-32°C), diện tích mặt nước lớn (3.300 ha tại Đồng bằng sông Cửu Long), lý tưởng cho nuôi cá rô phi với chu kỳ ngắn (5-6 tháng, 600-800 gram một con) với chi phí thấp. Hiện Việt Nam đứng thứ 5 ở châu Á về sản lượng cá rô phi, sau Trung Quốc, Indonesia, Bangladesh và Philippines. Song, người nuôi loại cá này trong nước cũng gặp nhiều thách thức do thức ăn cho cá phụ thuộc vào nguồn nhập khẩu, vấn đề về thuế quan và tiêu chuẩn an toàn thực phẩm nghiêm ngặt, truy xuất nguồn gốc và lao động bền vững, theo VASEP. Ngoài ra, việc cạnh tranh quốc tế với các đối thủ cung cấp khác như Brazil hay Trung Quốc cũng là thách thức với nhà xuất khẩu của Việt Nam. Trong khi, chuỗi cung ứng cá rô phi trong nước còn yếu, thiếu nhà máy đạt chuẩn, chi phí logistics tăng do chiến tranh thương mại. Phương Dung"
VN Express,https://vnexpress.net/gia-vang-duoc-du-bao-giam-tuan-toi-4879244.html,Hàng hóa,"Giá vàng hôm nay,Dự báo giá vàng","Chủ nhật, 27/4/2025, 17:00 (GMT+7)",Giá vàng được dự báo giảm tuần tới,"Giới phân tích chia làm hai phe về dự báo giá vàng tuần tới, trong khi đó nhà đầu tư cá nhân có xu hướng lạc quan hơn. Tuần qua là một tuần biến động mạnh với kim loại quý và thị trường tài chính toàn cầu trong bối cảnh nhà đầu tư theo dõi các diễn biến liên quan đến cuộc chiến thuế quan của Tổng thống Mỹ Donald Trump. Kim loại quý lập đỉnh 3.500 USD rồi chứng kiến đợt bán ra và chốt ở vùng 3.318 USD mỗi ounce. Khảo sát củaKitco Newscó 13 nhà phân tích tham gia, trong đó 7 chuyên gia cho rằnggiá vàngsẽ giảm trong tuần tới, 6 người còn lại dự báo ngược lại. Không có chuyên gia nào dự đoán kim loại quý đi ngang. Bên cạnh đó, 316 lượt bỏ phiếu từ các nhà đầu tư cá nhân cũng cho thấy xu hướng bớt lạc quan hơn so với tuần trước. 40% nhà đầu tư cá nhân kỳ vọng vàng đi lên, 29% dự báo giảm và 23% cho rằng giá đi ngang. Adrian Day, Chủ tịch của Adrian Day Asset Management, cho rằng xu hướng ngắn hạn là giảm. ""Khả năng sẽ có thêm nhượng bộ trong cuộc chiến thuế quan Mỹ - Trung, cùng với lo ngại về suy thoái kinh tế, gây áp lực lên giá vàng trong ngắn hạn. Tôi dự báo giá vàng sẽ giảm vào tuần tới"", Adrian Day nói. Song, ông cho rằng các yếu tố thúc đẩy nhu cầu vàng trong hơn một năm qua vẫn còn và đánh giá đây là đợt điều chỉnh ngắn, có thể do giảm tốc về lượng tiền đổ vào. Rich Checkan, Chủ tịch và Giám đốc điều hành của Asset Strategies International lại có quan điểm ngược lại. Xu hướng chốt lời đã kết thúc vào tuần trước, theo đó, vàng sẽ quay đầu tăng và về lại mức 3.500 USD mỗi ounce. Đồng USD yếu, bất ổn địa chính trị, thuế quan và động thái của Cục dự trữ liên bang Mỹ (Fed) sẽ là các yếu tố giúp giá vàng tăng trong tuần tới. Mặc dù giá giảm mạnh vào tuần trước, kim loại quý vẫn tăng hơn 25% từ đầu năm đến nay và 41% trong vòng 12 tháng qua. Với những nhà đầu tư dài hạn, đây vẫn là một nền tảng tích cực. Tuần này, Tổng thống Trump đã cố gắng làm dịu thị trường bằng cách tuyên bố đạt được tiến triển trong các cuộc đàm phán với Trung Quốc, nhưng quan chức Bắc Kinh nhanh chóng phủ nhận những tuyên bố này. Trong một môi trường còn nhiều bất ổn, chuyên gia đánh giá không có gì ngạc nhiên khi các nhà đầu tư tiếp tục tìm đến vàng như một biện pháp phòng ngừa. Quỳnh Trang"
VN Express,https://vnexpress.net/tsmc-cong-bo-tien-trinh-san-xuat-chip-1-4-nm-4879283.html,Chuyển đổi số,"1,Samsung,vi xử lý,NVIDIA,chip,Apple Inc.,TSMC,AMD,4mm","Chủ nhật, 27/4/2025, 17:30 (GMT+7)","TSMC công bố tiến trình sản xuất chip 1,4 nm","Quy trình vi xử lý 1,4 nm của TSMC sẽ bắt đầu sản xuất từ năm 2028 với nhiều nâng cấp so với tiến trình 2 nm hiện tại. TSMCmới đây công bố công nghệ 1,4 nm trên các dòng vi xử lý sẽ được sử dụng trong sản phẩm tương lai của các gã khổng lồ công nghệ như Nvidia, Apple, AMD. Trước đó,Samsungtừng giới thiệu các cải tiến trong xưởng đúc của hãng nhằm phục vụ cho các nút của quy trình 4 nm, 2 nm và 1,4 nm vào tháng 6/2024. Quy trình A14 1,4 nm của TSMC sẽ giảm 30% mức tiêu thụ điện năng, đồng thời vẫn tăng hiệu suất khoảng 15% so với 2 nm - công nghệ phải tới cuối năm nay mới đi vào sản xuất. Công ty có danh sách khách hàng lớn đa dạng nên dòng chip 1,4 nm có thể sẽ được dùng cho iPhone 19, GPU Nvidia, chip AMD. TSMC cho biết mật độ logic tăng 20%, cho phép tăng hiệu suất so với quy trình 2 nm. So với quy trình 3 nm hiện tại của TSMC, quy trình 1,4 nm về cơ bản nhanh hơn tới 30% và hiệu quả hơn 60%. Các thay đổi trong tiến trình sản xuất vi xử lý sẽ chưa lập tức tác động đến thị trường tiêu dùng. iPhone 17 ra mắt năm nay dự kiến vẫn dùng nút N3P mới nhất (3 nm) cho dòng chip A của Apple. Vì vậy, ngay cả việc chuyển sang chip 2 nm cũng cần tới vài năm nữa mới phổ biến trên thị trường. Điện thoại sử dụng chip 1,4 nm nhiều khả năng phải tới năm 2030 mới được áp dụng rộng rãi. Trong khi các tin tức đầu tiên về tiến trình 1,4 nm được hé lộ thì 2 nm vẫn là tâm điểm cuộc đua giữa các nhà sản xuất vi xử lý. TheoPhonearena, TSMC được cho là đã ""kín"" đơn chip 2 nm. Bên cạnh Apple, nhiều khách hàng lớn khác đều đã ký hợp đồng sản xuất chip sử dụng tiến trình này vào năm 2026, gồm cả các công ty chip di động, máy tính và chip AI như AMD, Nvidia, MediaTek và Qualcomm. Trong khi đó, Samsung Foundry được cho đã gặp vấn đề liên quan đến sản xuất chip vài năm qua trên tiến trình 4 nm, 3 nm và sắp tới là 2 nm. Theo tài khoản NaverYeux1122- người được đánh giá là ""thân cận"" với chuỗi cung ứng, năng suất chip 4 nm của Samsung Foundry tệ đến mức khi sản xuất Snapdragon 8 Gen 1, công ty không đáp ứng được, buộc Qualcomm phải chuyển hợp đồng sang TSMC. Cuộc đua chip 2 nm hiện có sự tham gia của một tên tuổi mới: Rapidus của Nhật Bản. TheoDigitimes, công ty đang được chính phủ Nhật hợp tác với Mỹ hỗ trợ sản xuất chip 2 nm bằng công nghệ của IBM. TheoArsTechnica, dựa trên thị phần sản xuất bán dẫn, TSMC vẫn là cái tên không thể thay thế trong ít nhất nửa thập kỷ tới. Tuy nhiên, Samsung Foundry và Intel vẫn có cơ hội ở thị trường nếu có giá thành cạnh tranh trong bối cảnh các tập đoàn tìm cách giảm phụ thuộc vào TSMC. Ngoài ra, những vấn đề liên quan đến địa chính trị tại đảo Đài Loan cũng có thể giúp Samsung và Intel hưởng lợi."
VN Express,https://vnexpress.net/microsoft-ai-cung-co-the-lam-ong-chu-nho-ai-4879197.html,Chuyển đổi số,Trí tuệ nhân tạo - AI,"Chủ nhật, 27/4/2025, 14:21 (GMT+7)",Microsoft: 'Ai cũng có thể làm ông chủ nhờ AI',"Microsoft dự báo mỗi cá nhân có thể trở thành ông chủ của các nhân viên trí tuệ nhân tạo (AI) trong tương lai. Gã khổng lồ phần mềm Mỹ cho rằng vớiAI, một mô hình doanh nghiệp hoàn toàn mới với tên gọi ""công ty tiên phong"" (frontier firm) sẽ hình thành, nơi con người đóng vai trò định hướng, giao việc và giám sát các AI làm việc. ""Chúng ta sẽ nhìn thấy làn sóng tăng trưởng của các 'ông chủ tác nhân' trong tương lai. Đây là nhóm những người xây dựng, phân công và quản lý tác nhân AI để gia tăng hiệu quả công việc và kiểm soát sự nghiệp trong thời đại trí tuệ nhân tạo. Từ phòng họp hội đồng quản trị đến tuyến đầu sản xuất, mọi nhân viên đều cần suy nghĩ như một CEO của startup vận hành bằng AI"", Jared Spataro, lãnh đạo cấp cao củaMicrosoftchia sẻ. Là một trong những nhà đầu tư lớn vào OpenAI (công ty phát triển ChatGPT), Microsoft dự báo các tổ chức sẽ chuyển mình thành ""công ty tiên phong"" trong vòng 5 năm tới. Những doanh nghiệp này sẽ khác biệt đáng kể so với mô hình hiện nay, vận hành xoay quanh khái niệm ""trí tuệ theo yêu cầu"", tận dụng AI để thực hiện tức thời các nhiệm vụ như tổng hợp dữ liệu bán hàng hay lập dự báo tài chính. Trong báo cáo thường niên Work Trend Index của Microsoft, hãng đánh giá các công ty theo hình thức mới sẽ tăng trưởng nhanh, vận hành linh hoạt và tạo ra giá trị với tốc độ vượt trội hiện nay. Quá trình chuyển đổi sẽ trải qua ba giai đoạn: nhân viên có trợ lý AI riêng; AI tác nhân trở thành ""đồng nghiệp kỹ thuật số"" trong một số việc cụ thể; cuối cùng, con người sẽ định hướng cho AI để vận hành, chỉ kiểm tra thủ công khi cần thiết. Tác động của AI với công việc trí óc từ nghiên cứu khoa học tới học thuật, luật... sẽ tương tự lĩnh vực phát triển phần mềm, nơi trí tuệ nhân tạo từ một trợ lý viết code đã trở thành tác nhân giải quyết nhiều nhiệm vụ khác. Lấy ví dụ ở lĩnh vực chuỗi cung ứng, Microsoft cho rằng AI có thể xử lý toàn bộ khâu kho vận, trong khi con người tập trung điều phối hệ thống và thiết lập, duy trì mối quan hệ với các đối tác. Tuy nhiên, tác động của AI đối với thị trường lao động không chỉ có mặt tích cực. AI sẽ giúp giảm bớt công việc nhàm chán và gia tăng năng suất lao động, nhưng nhiều chuyên gia cảnh báo nguy cơ mất việc diện rộng. Báo cáo về an toàn AI quốc tế do chính phủ Anh tài trợ đầu năm nay nhận định ""nhiều người có thể mất công việc hiện tại nếu các tác nhân AI trở nên đủ mạnh"". Cùng lúc, Quỹ Tiền tệ Quốc tế (IMF) ước tính 60% việc làm tại các nền kinh tế phát triển như Mỹ và Anh sẽ chịu ảnh hưởng từ AI, trong đó một nửa số công việc này có nguy cơ chịu tác động tiêu cực. Viện Tony Blair (Anh) cũng cảnh báo AI có thể thay thế tới ba triệu việc làm ở khối tư nhân tại Anh, mặc dù tổng số việc làm mất đi dự kiến chỉ ở mức hàng trăm nghìn nhờ sự xuất hiện của những vị trí mới do AI tạo ra. Tiến sĩ Andrew Rogoyski, Giám đốc tại Viện AI Lấy con người làm trung tâm của Đại học Surrey (Anh), cho rằng doanh nghiệp sẽ khó cưỡng lại việc giảm biên chế lao động. ""Doanh nghiệp sẽ muốn dùng AI để thay thế lao động con người nhằm tăng hiệu quả và cắt giảm chi phí vận hành"", ông nhận định. Tuy nhiên, chuyên gia cũng cảnh báo việc phụ thuộc quá nhiều vào trí tuệ nhân tạo có thể khiến những người đứng đầu doanh nghiệp đánh mất kiến thức, sự sáng tạo cũng như mối quan hệ với khách hàng, đối tác - những yếu tố duy trì sự sống còn và thúc đẩy đổi mới thực sự."
VN Express,https://vnexpress.net/sinh-vien-phat-trien-he-thong-ai-phan-tich-anh-nao-4875837.html,Đổi mới sáng tạo,"sinh viên,Trí tuệ nhân tạo - AI,MedCapNet,AI phân tích ảnh não","Thứ hai, 28/4/2025, 05:00 (GMT+7)",Sinh viên phát triển hệ thống AI phân tích ảnh não,"Hệ thống MedCapSys do sinh viên Phan Minh Nhật phát triển có khả năng phân tích chính xác ảnh cộng hưởng từ (MRI) và tự động tạo báo cáo, hỗ trợ bác sĩ chẩn đoán. Phan Minh Nhật, sinh viên Trường Đại học Bách khoa - Đại học Đà Nẵng, tác giả hệ thống MedCapSys đã giành giải Nhất tại hội nghị Khoa học và Triển lãm Công nghệ 2024-2025. Hệ thống MedCapSys được phát triển trong hơn một năm với bốn modul chính: MedCapNet (mô hình mã hóa - giải mã chuyên biệt, tự động tạo chú thích ảnh MRI não), GuidedDCNet (mô hình phân loại tổn thương dựa trên khuếch tán, hỗ trợ nhận diện bất thường như u não), GuidedSegDiff (mô hình phân đoạn tổn thương, xác định vị trí, kích thước và số lượng tổn thương) và BrainMedQwen (mô hình ngôn ngữ thị giác, tổng hợp kết quả từ các modul trên để tạo báo cáo chẩn đoán chi tiết). Hệ thống hiện ở giai đoạn phục vụ nghiên cứu, chưa triển khai thực tế. Các modul thành phần, trong đó có GuidedDCNet đang trong quá trình phản biện tại Tạp chí quốc tếElectronics and Telecommunications Research Institute(ETRI), thuộc danh mục Scopus, xếp hạng Q2. Theo Minh Nhật, chẩn đoán ảnh MRI não là một trong những thách thức lớn trong y học hiện đại, vì yêu cầu độ chính xác gần như tuyệt đối và phải tạo được báo cáo tuân thủ đúng quy chuẩn chuyên ngành. Hệ thống MedCapSys được phát triển nhằm nâng độ tin cậy và tính hiệu quả chẩn đoán, đặc biệt trong bối cảnh công nghệ AI hiện vẫn tồn tại hiện tượng ""ảo giác"", khi máy tự sinh thông tin không có thật. ""Thay vì để AI tự diễn giải toàn bộ bức ảnh, nghiên cứu lựa chọn hướng tiếp cận mới bằng cách cung cấp thông tin bổ trợ cho hệ thống như chuỗi xung, góc chụp, vị trí tổn thương, giúp AI hiểu rõ ngữ cảnh và giảm thiểu sai lệch trong phân tích"", Minh Nhật nói. Từ đó, hệ thống có thể tạo ra các báo cáo chẩn đoán giàu thông tin, hỗ trợ đắc lực cho đội ngũ y bác sĩ trong quá trình ra quyết định lâm sàng. Quy trình hoạt động của MedCapSys bắt đầu từ việc tiếp nhận ảnh MRI đầu vào (dạng 2D hoặc 3D). Sau khi tiền xử lý để chuẩn hóa chất lượng và định dạng, ảnh được chuyển qua các modul phân loại, tạo chú thích và phân đoạn tổn thương. Cuối cùng, mô hình ngôn ngữ tổng hợp dữ liệu và tạo thành một báo cáo chẩn đoán hoàn chỉnh. Minh Nhật cho biết, với kiến trúc modul, cho phép nâng cấp linh hoạt từng phần mà không ảnh hưởng đến tổng thể. ""Các modul được cải tiến qua nhiều phiên bản, ứng dụng kỹ thuật học chuyển giao, nén mô hình, tối ưu hóa kiến trúc để đảm bảo hiệu suất và độ chính xác"", Nhật nói. Dữ liệu huấn luyện hệ thống được tổng hợp từ các nguồn công khai uy tín như cuộc thi Radiology Objects in Context, Multimodal Brain Tumor Segmentation Challenge 2020, cùng các bộ dữ liệu từ Figshare, SARTAJ và Br35H. Nghiên cứu cũng ứng dụng mô hình Segment Anything Model 2 của Meta để hỗ trợ gắn nhãn tự động, kết hợp xử lý thủ công trong các bước tinh chỉnh và chuẩn hóa dữ liệu. TS Nguyễn Văn Hiệu, Trưởng bộ môn Công nghệ phần mềm, Trường Đại học Bách khoa - Đại học Đà Nẵng, cho biết so với các nghiên cứu cùng lĩnh vực như dự án Med-Gemini của Google, MedCapSys giữ được tính độc đáo khi tập trung vào phân tích ảnh y tế chuyên sâu và tích hợp báo cáo tự động - điều các hệ thống hiện tại chưa khai thác triệt để. ""Chúng tôi hy vọng công trình sẽ góp phần cải thiện hiệu quả chẩn đoán ảnh não trong thực hành lâm sàng, mở ra hướng tiếp cận mới trong ứng dụng AI vào y học"", TS Hiệu chia sẻ. Nhật Minh"
