Source,URL,Category,Keyword,Time,Title,Content
ZNews,https://znews.vn/vinfast-dat-muc-tieu-nang-ty-le-noi-dia-hoa-len-84-nam-2026-post1611657.html,Kinh doanh,Null,"Thứ hai, 15/12/2025 15:15 (GMT+7)",VinFast đặt mục tiêu nâng tỷ lệ nội địa hóa lên 84% năm 2026,"Phó thủ tướng Thường trực Nguyễn Hòa Bình khảo sát các nhà máy, dây chuyền sản xuất của VinFast. Ảnh:VGP/Nguyễn Hoàng. Đây là thông tin được đại diệnVinFastbáo cáo nhân chuyến thăm và làm việc của Phó thủ tướng Thường trựcNguyễn Hòa Bìnhvới CTCP Sản xuất và kinh doanh VinFast Hải Phòng tại Khu Kinh     tế Đình Vũ (đảo Cát Hải, Đặc khu Cát Hải, Hải Phòng) vừa qua. Cụ thể, báo cáo với Phó thủ tướng, VinFast cho biết dự án sản xuất và kinh doanh của VinFast Hải Phòng là tổ hợp     nhà máy sản xuất ôtô (xăng và điện), xe máy điện, xe đạp điện, xe thông minh,     xe tự lái, năng lượng sạch, kinh doanh nhà xưởng và các hoạt động phụ trợ hoạt     động sản xuất ôtô, xe máy. Dự án có tổng công suất 500.000 ôtô/năm và hướng đến     công suất 1 triệu ôtô/năm. Sản lượng xe máy điện, xe đạp điện là 1 triệu     xe/năm. Diện tích đất xây dựng các công trình sử dụng riêng cho dự     án Tổ hợp sản xuất của VinFast là 310 ha. Diện tích đất sử dụng chung là 38 ha.     Tổng vốn đầu tư của dự án là175.000 tỷ đồng. Dự án được khởi công xây dựng vào tháng 9/2017. Tổ hợp sản     xuất xe máy điện E-scooter đi vào hoạt động tháng 9/2018. Tổ hợp sản xuất ôtô     xăng đi vào hoạt động tháng 7/2019. Tổ hợp sản xuất ôtô khách chạy bằng động cơ     điện (có số chỗ ngồi bao gồm cả chỗ người lái từ 10 trở lên) đi vào hoạt động tháng 1/2021; Tổ hợp sản xuất ôtô con chạy bằng động cơ điện (có số chỗ ngồi     bao gồm cả chỗ người lái không nhiều hơn 9) đi vào hoạt động tháng 10/2021. Tính đến hết quý III/2025, VinFast đã bàn giao 110.362 ôtô     điện trên toàn cầu. Trong 9 tháng đầu năm 2025, hãng bàn giao 234.536 xe máy điện, hiện giữ vị trí số 1 về thị phần ôtô tại Việt Nam (khoảng 20%). Về tỷ lệ nội địa hóa, nhà sản xuất xe điện này cho biết hiện đạt khoảng 60%, làm chủ các     công nghệ lõi như thân vỏ, động cơ, hệ thống pin. Đồng thời, VinFast đặt mục tiêu nâng tỷ lệ nội địa     hóa lên 84% vào năm 2026. Năm 2024, VinFast Hải Phòng đóng góp cho ngân sách Nhà nước     gần1.920 tỷ đồng, dự kiến trong năm 2025 là hơn2.230 tỷ đồng. Đồng thời, tạo     công ăn việc làm cho 11.500 người với thu nhập bình quân 15 triệu đồng/người/tháng. Tại buổi làm việc, Phó thủ tướng Thường trực Nguyễn Hòa Bình cho biết chủ     trương của Đảng và Nhà nước là tạo các điều kiện thuận lợi cho khu vực kinh tế     tư nhân phát triển và Trung ương đã có một nghị quyết về phát triển kinh tế tư     nhân với những giải pháp đột phá, vượt trội. Lãnh đạo Chính phủ cũng cho biết trong tương lai sẽ có nhiều lĩnh     vực then chốt, chiến lược quốc gia được giao cho các doanh nghiệp tư nhân,     trong đóVingrouplà một trong những lựa chọn. Thời gian qua, Vingroup là một trong những doanh     nghiệp tư nhân dẫn đầu trong ứng dụng công nghệ cao, trong đó phát triển xe điện     là một bước đi đúng, phù hợp với xu thế thời đại và bối cảnh Việt Nam cam kết về     Net Zero. Trong môi trường kinh tế hiện nay, đầu tư đã trở thành khái niệm không mấy xa lạ với hầu hết mọi người. Để độc giả có thể tiếp cận những xu hướng đầu tư mới nhất,Tri Thức - Znewsxây dựng chủ đềĐầu tư qua sách- nơi ghi lại những cuốn sách, câu chuyện, xu hướng đầu tư đã và đang diễn ra. Trong đó, các lĩnh vực đầu tư phổ biến bao gồm bất động sản, chứng khoán, ngoại hối và tiền ảo... Ngoài các câu chuyện về đầu tư, Đầu tư qua sách còn bao gồm các kiến thức về quản lý gia sản, tài chính cá nhân.  Không chỉ cổ phiếu VIC lập kỷ lục giá đóng cửa mới ở 160.000 đồng/cổ phiếu, vốn hóa Tập đoàn Vingroup cũng đã chính thức thiết lập kỷ lục trên 1,2 triệu tỷ đồng.  Cổ phiếu Vingroup tiếp tục tăng trần, nâng vốn hóa lên gần 1,2 triệu tỷ đồng. Quy mô này thậm chí lớn hơn tổng vốn hóa của 3 ngân hàng quốc doanh là Vietcombank, VietinBank, BIDV.  Sau khi tăng hơn 90 điểm từ 9 phiên đi lên liên tiếp, chỉ sau 3 phiên giảm gần nhất, VN-Index đã đánh mất gần 60% thành quả tích lũy."
ZNews,https://znews.vn/tuyen-mlbb-viet-nam-dung-buoc-truoc-a-quan-the-gioi-post1611649.html,Công nghệ,Null,"Thứ hai, 15/12/2025 15:27 (GMT+7)",Tuyển MLBB Việt Nam dừng bước trước á quân thế giới,"MLBB Việt Nam chỉ giành được một trận thắng trong cuộc đối đầu với đương kim Á quân thế giới. Sáng 15/12, vòng playoffs nội dung Đồng đội nam bộ mônMobile Legends: Bang Bang(MLBB) tại SEA Games 33 chính thức khởi tranh. Ngay tại tứ kết, lá thăm may rủi đã đưa tuyển Việt Nam đụng độ Indonesia - đội tuyển hiện xếp hạng 2 thế giới và là ứng viên nặng ký cho tấm huy chương vàng. Trước sự chênh lệch lớn về trình độ và kinh nghiệm thi đấu quốc tế, các chàng trai Việt Nam đã thất bại với tỷ số chung cuộc 1 - 3. Kết quả này khiến hành trình của đội tuyển tại đại hội thể thao khu vực năm nay khép lại ở hạng 5 - 6 và không có huy chương. Dù không thể tiến sâu, màn trình diễn của tuyển Việt Nam tại giải đấu năm nay vẫn để lại những dấu ấn tích cực. Điểm sáng lớn nhất là chiến thắng thuyết phục 2 - 0 trước tuyển Thái Lan ở vòng bảng. Đội chủ nhà sau đó cũng ""chung số phận"" bị loại ở tứ kết khi thua trắng 0 - 3 trước Malaysia. Tuyển MLBB Việt Nam phải dừng bước trước đối thủ quá mạnh. Ảnh:VIRESA. MLBB chưa bao giờ là thế mạnh của eSports Việt Nam nếu đặt lên bàn cân so sánh vớiLiên Quân Mobile, cả về quy mô cộng đồng lẫn hệ thống giải đấu. Do đó, việc lọt vào top 6 và có những ván đấu sòng phẳng trước đội tuyển số 2 thế giới được giới chuyên môn đánh giá là nỗ lực đáng ghi nhận. Với chiến thắng 3 - 1 trước Việt Nam, Indonesia thẳng tiến vào bán kết để đối đầu Philippines, quốc gia đang thống trị môn MLBB thế giới. Cuộc đối đầu này được ví như trận ""chung kết sớm"" của SEA Games 33, khi đội thắng gần như nắm chắc cơ hội bước lên ngôi vị cao nhất. Cũng trong ngày hôm nay (15/12), vòng bảng Liên Quân Mobile nội dung Đồng đội nữ đang diễn ra với cơ hội đi tiếp gần như chắc chắn nằm trong tay các cô gái Việt Nam, sau khi lần lượt đánh bại các đội tuyển Lào và Thái Lan - đương kim vô địch Liên Quân Mobile thế giới, trước khi đụng độ Timor-Leste.  Cùng thời điểm diễn ra SEA Games 33, vòng chung kết hai tựa game PUBG và PUBG Mobile cũng được tổ chức ngay ở Bangkok. 4 đại diện từ Việt Nam đáng tiếc không thể chiến thắng.  1 giờ trước14:2115/12/2025 0 Chiếc điện thoại Android đầu tiên của Ayaneo được liên tưởng đến Sony Ericsson Xperia Play ra mắt năm 2011, với thiết kế như máy chơi game cầm tay.  5 giờ trước10:5915/12/2025 0 Sau nhiều năm ít đột phá, Galaxy S26 Ultra có thể sở hữu loạt nâng cấp mới đáng chú ý đi kèm những tính năng độc quyền, hứa hẹn lấy lại sức hút cho dòng flagship này."
ZNews,https://znews.vn/tai-xe-chung-kien-3-nguoi-bi-vui-lap-trong-tich-tac-vi-sat-lo-deo-post1611629.html,Đời sống,Null,"Thứ hai, 15/12/2025 15:09 (GMT+7)",Tài xế chứng kiến 3 người bị vùi lấp trong tích tắc vì sạt lở đèo,"Sáng 15/12, gần một ngày sau vụ sạt lở nghiêm trọng tại km 124+300 trên quốc lộ 6, thuộc địa bàn xã Mai Châu (tỉnh Phú Thọ), anh Hoàng Văn Công (sinh năm 1980, tài xế lái xe dịch vụ tại Hà Nội) vẫn chưa hết bàng hoàng. Anh là một trong những tài xế may mắn thoát nạn trong vụ việc. Chia sẻ vớiTri Thức - Znews, anh Công cho biết chiều 14/12, anh điều khiển xe 16 chỗ chở nhóm khách tham quan từ Mộc Châu về Hà Nội. Đến đèo Thung Khe (đèo Đá Trắng), một số công nhân đang sơn lại vạch kẻ đường nên các phương tiện di chuyển chậm. Khi sắp tiến sát hiện trường xảy ra sự việc, anh Công quan sát thấy vài hòn đá nhỏ trượt theo taluy dương, rơi trúng người một công nhân đang đứng bên đường khiến người này khuỵu xuống. ""Theo phản xạ, tôi đạp phanh, đang đắn đo có nên đi tiếp hay không thì hàng nghìn mét khối đất đá bất ngờ đổ ập xuống. Tôi hoảng hốt, nhanh chóng cho xe lùi lại"", anh kể, mô tả lượng đất đá lớn tràn ra mặt đường ngay trước mũi xe anh. Lúc này, 9 hành khách trên xe anh Công bắt đầu bối rối, hoảng sợ. Chung cảm xúc khi vừa tận mắt chứng kiến sự việc song nam tài xế cố gắng bình tĩnh, trấn an hành khách. Anh cho xe lùi lại thêm khoảng 10 m để đảm bảo an toàn và quan sát tình hình. Bên ngoài, một số tài xế và công nhân cũng đã nhanh chóng gọi điện báo cơ quan chức năng. Đầu xe của anh Công bị xây xước, móp méo do đá văng mạnh vào. Nhận thấy tình hình nghiêm trọng, anh Công hỏi thăm người dân địa phương về lối đi khác gần đó và quyết định rời đi sau khoảng 10 phút để đảm bảo lộ trình, tránh gây thêm ách tắc. Vốn đoàn khách dự định trên đường về rẽ sang Hòa Bình (cũ) thăm thú, song vì sự việc, tất cả quyết định về ngay trong ngày. ""Khoảng 20h30, tôi về tới Hà Nội và trả khách xong mới dám xem lại camera hành trình. Khoảnh khắc thật đáng sợ, tôi cảm thấy bản thân quá may mắn, thoát chết trong gang tấc"", anh nói. Nhớ lại thời điểm xảy ra tình huống nghiêm trọng, nam tài xế cho biết thời tiết khi đó rất đẹp, không mưa, gió nhẹ và mát mẻ. Khu vực xung quanh cũng không hề có dấu hiệu gì cho thấy có khả năng xảy ra sạt lở. Làm tài xế lái xe dịch vụ khoảng 10 năm nay, đây cũng là lần đầu tiên anh Công đối mặt sự việc nguy hiểm tới vậy. Chiếc xe anh điều khiển cũng bị xây xước phần đầu, móp biển số xe do đá bắn mạnh vào. ""Với tôi, may mắn nhất là đã thoát nạn trong gang tấc. Thật sự không dám tưởng tượng nếu lúc đó đi lên thêm một chút thì chuyện gì sẽ xảy ra"", anh bày tỏ. Theo Cục Quản lý đê điều và Phòng chống thiên tai (Bộ Nông nghiệp và Môi trường), vụ sạt lở chiều 14/12 đã làm 3 người bị vùi lấp tử vong, trong đó có 2 công nhân thuộc Công ty Quản lý đường bộ 2 và một người dân điều khiển xe máy. Sáng 15/12, Công an xã Mai Châu cho biết đã tìm thấy toàn bộ nạn nhân và giải phóng mặt đường, thông tuyến giao thông. Cẩm nang 'sống sót' nơi công sở TrongMENTOR - Từ sinh viên chất đến nhân sự chiến, tác giả Lê Công Minh chia sẻ trải nghiệm vượt qua và học hỏi từ thất bại: Từ nam sinh thi trượt đại học đến giám đốc truyền thông kỹ thuật số, nhân viên Big 4 kiểm toán, sáng lập trung tâm tiếng Anh… Đây là nơi những bạn trẻ ""lênh đênh"" chốn công sở dễ tìm thấy mình và học hỏi để vươn lên trên con đường sự nghiệp.  Thấy chiếc xe hơi 4 chỗ mắc kẹt trên lối đi tự mở ở Nghệ An, một người dân nhanh chóng báo hiệu cho chiếc tàu hỏa đang lao tới để kịp thời dừng lại.  10:41 11/12/202510:4111/12/2025 0 Trong khi cô gái chật vật đối phó kẻ cướp trên con phố ở Colombia, người đàn ông đi cùng co rúm lại vì sợ, thậm chí né ra xa, nấp sau bức tường.  15:00 6/12/202515:006/12/2025 0 Thấy tín hiệu của người dân báo chiếc xe hơi kẹt trên đường ray ở Nghệ An, lái tàu kịp thời phanh gấp, tránh được va chạm hôm 5/12."
ZNews,https://znews.vn/bac-si-chi-ra-loi-ich-va-rui-ro-khi-cat-amidan-post1611603.html,Sức khỏe,Null,"Thứ hai, 15/12/2025 15:11 (GMT+7)",Bác sĩ chỉ ra lợi ích và rủi ro khi cắt amidan,"Khi amidan sưng to (thường là độ 3, độ 4) gây cản trở nghiêm trọng đến chức năng sinh hoạt. Amidan giúp sản sinh kháng thể để chống lại sự xâm nhập của vi khuẩn và virus qua đường hô hấp. Tuy nhiên, khi amidan bị viêm nhiễm quá mức và tái đi tái lại, nó không còn là lá chắn mà lại trở thành ""ổ chứa vi khuẩn"" gây bệnh. Lúc này, câu hỏi được đặt ra là: có nên nạo, cắt amidan để loại bỏ hoàn toàn ổ viêm nhiễm này không? Cắt amidan không phải là phương pháp điều trị áp dụng cho mọi trường hợp viêm. Chỉ định phẫu thuật thường được các bác sĩ tai mũi họng cân nhắc dựa trên mức độ nghiêm trọng của bệnh lý và tình trạng sức khỏe tổng thể của bệnh nhân. Viêm amidan tái phát (tần suất) Đây là lý do phổ biến nhất dẫn đến phẫu thuật. Viêm amidan tái phát có nên cắt không? câu trả lời là CÓ, nếu đạt một trong các tiêu chí sau Amidan quá phát (gây tắc nghẽn đường thở) Khi amidan sưng to (thường là độ 3, độ 4) gây cản trở nghiêm trọng đến chức năng sinh hoạt Biến chứng nguy hiểm Khi amidan là nguyên nhân gây ra các biến chứng nặng mà điều trị nội khoa không hiệu quả Thường cắt amidan cho trẻ từ 4 tuổi trở lên. Ở trẻ dưới 4 tuổi, amidan vẫn giữ vai trò miễn dịch quan trọng, do đó cần hạn chế cắt, trừ trường hợp amidan quá to gây ngưng thở khi ngủ. Việc cắt amidan là một phẫu thuật an toàn và phổ biến, nhưng không phải không có những rủi ro nhất định. Về mặtlợi ích, phẫu thuật này giúp loại bỏ triệt để các ổ viêm nhiễm mạn tính, từ đó giảm tần suất đau họng, sốt và ngăn ngừa các biến chứng nguy hiểm liên quan đến tim, thận, khớp. Cắt amidan là một giải pháp ngoại khoa mang lại hiệu quả cao để chấm dứt tình trạng viêm nhiễm mạn tính và biến chứng. Đặc biệt ở trẻ em, việc cắt amidan giúp cải thiện rõ rệt đường hô hấp, chấm dứt tình trạng ngủ ngáy hay ngưng thở khi ngủ, đồng thời giúp hơi thở thơm tho và nâng cao chất lượng giấc ngủ cũng như ăn uống. Tuy nhiên, người bệnh cũng cần lưu ý đến những rủi ro nhất định. Biến chứng nguy hiểm nhất là xuất huyết, có thể xảy ra ngay sau mổ hoặc sau 7-10 ngày khi màng giả mạc bong ra. Sau phẫu thuật, cảm giác đau họng và đau tai thường kéo dài từ 1-2 tuần, dễ khiến người bệnh (nhất là trẻ nhỏ) biếng ăn và sụt cân. Bên cạnh đó, các nguy cơ về nhiễm trùng hốc mổ hoặc phản ứng với thuốc mê dù hiếm gặp nhưng vẫn cần được đề phòng. Về lâu dài, dù các mô bạch huyết khác sẽ bù đắp để hệ miễn dịch không bị suy giảm vĩnh viễn, nhưng một số nghiên cứu vẫn lưu ý về khả năng tăng nhẹ nguy cơ dị ứng hoặc bệnh lý hô hấp ở một số cá nhân. Nếu bạn hoặc con bạn bị viêm amidan tái phát (thường xuyên, nhiều lần trong năm), quyết định cắt thường dựa vào mức độ ảnh hưởng của nó Cắt amidan là một giải pháp ngoại khoa mang lại hiệu quả cao để chấm dứt tình trạng viêm nhiễm mạn tính và biến chứng. Tuy nhiên, đây phải là quyết định được đưa ra bởi bác sĩ chuyên khoa tai mũi họng sau khi đã thăm khám, đánh giá đầy đủ tình trạng bệnh lý, tiền sử nhiễm trùng và thể trạng của bệnh nhân. Bạn không nên tự ý yêu cầu cắt amidan chỉ vì sợ tái phát, hãy luôn tuân thủ các chỉ định y khoa. Làm thế nào để xua tan cơn giận dữ hay nỗi sợ hãi? Điều gì ảnh hưởng đến giấc ngủ hay nên đi ngủ vào thời gian nào? Nhằm nghiên cứu và đưa ra những chỉ dẫn cụ thể cho bạn đọc, Tri thức trực tuyến giới thiệu cuốnYang sheng: Chữa lành cơ thể, làm đẹp tâm hồncủa tác giả Katie Brindle. Cuốn sách hướng dẫn bạn đọc những kỹ thuật để khai thác thuộc hiệu quả việc sử dụng hơi thở cũng như nụ cười, chiếc lược, lòng bàn chân… để thư giãn và tự chữa lành những tổn thương trong cơ thể về mặt thể chất lẫn tinh thần.  Chỉ trong vòng chưa đầy một tháng, hai trẻ em sinh sống tại TP.HCM đã tử vong sau tai nạn đuối nước. Đáng chú ý, cả hai vụ việc đều xảy ra tại hồ bơi cạn, có giáo viên và nhân viên cứu hộ giám sát.  Ánh mắt trong veo của những đứa trẻ thoát dị tật và cái nắm tay run run của bệnh nhân ở vùng cao là “chiến lợi phẩm” quý nhất trong chuyến đi hơn 200 km của tôi.  Thuốc bổ gan thường có nguồn gốc thảo dược, vitamin, khoáng chất, giúp hỗ trợ chức năng giải độc, bảo vệ tế bào gan. Tuy nhiên, cần sử dụng đúng cách để tránh tác dụng phụ."
ZNews,https://znews.vn/luong-bich-huu-tot-nghiep-dai-hoc-o-tuoi-41-post1611644.html,Giải trí,Null,"Thứ hai, 15/12/2025 15:12 (GMT+7)",Lương Bích Hữu tốt nghiệp đại học ở tuổi 41,"Chiều 15/12, Lương Bích Hữu đăng tải ảnh cô mặc áo cử nhân và trên tay là tấm bằng tốt nghiệp Nhạc việnTP.HCM. Cô đạt danh hiệu học viên Giỏi của khóa 16. Cùng với đó, ca sĩ nhận giấy khen của nhà trường về những đóng góp trong các hoạt động của phòng đào tạo. ""Đăng trước một tấm ảnh để nói về hành trình gần 5 năm qua"", Lương Bích Hữu chia sẻ. Dưới bình luận, nhiều đồng nghiệp, khán giả gửi lời chúc mừng tới Lương Bích Hữu. Lương Bích Hữu tốt nghiệp đại học ở tuổi 41. Ảnh:FBNV. Lương Bích Hữu, sinh năm 1984 là ca sĩ nổi tiếng với các ca khúc nhưCô gái Trung Hoa, Cún yêu, Dằm trong tim, Học cách đi một mình... Cô trở lại showbiz từ vài năm nay, sau thời gian dài vắng bóng. Năm 2020, nữ ca sĩ tham gia Ca sĩ ẩn danh và tiếp theo đảm nhận mascot Kim Sa Ngư trong show The Masked Singer 2022. Năm 2024, cô xuất hiện trong show Our Song Vietnam. Bên cạnh ca hát, Lương Bích Hữu còn đóng phim. Cô tham giaÁn mạng lầu 4của đạo diễn Nguyễn Hữu Tuấn. Sau khi phim đóng máy, cô giảm cân bằng chế độ ăn rau xanh và trái cây, cắt toàn bộ đường. Mỗi ngày, cô dành khoảng 1 tiếng chạy bộ, vận động cơ thể. Nữ ca sĩ nói cô quyết tâm lấy lại sắc vóc 20 năm trước. Lương Bích Hữu đã giảm 17,5 kg trong khoảng hơn 2 tháng. Cựu thành viên HAT cho biết tự tin diện nhiều phong cách khác nhau, bước khỏi vùng an toàn với hình tượng nữ tính, ""bánh bèo"" trước đó. Hiện tại, vòng eo của cô 60 cm, kích cỡ trang phục giảm từ size L xuống size XS. Ở tuổi ngoài 40, Lương Bích Hữu được nhiều người khen trẻ trung, tươi tắn. Cô cũng thay đổi phong cách thời trang theo hướng thời thượng, năng động. Cuốn sách đáng đọc về âm nhạc Sách khảo cứu Lịch sử opera Ýdo GS Gianni Kriscak cùng Hiền Nguyễn Soprano (nghiên cứu sinh tại Đại học Sư phạm Nghệ thuật Trung Ương), Trịnh Thị Oanh (giảng viên thanh nhạc tại Đại học Sư phạm Nghệ thuật Trung Ương) thực hiện. Sách ra mắt vào tháng 2 và nhanh chóng được bạn đọc đón nhận. Sách khảo cứu Lịch sử opera Ý là tác phẩm hiếm hoi về opera được thực hiện bằng tiếng Việt. Qua cuốn sách này, các tác giả đưa ra câu chuyện về một thành tựu văn hóa kinh điển của thế giới nhưng bằng góc nhìn nhẹ nhàng, dễ tiếp cận thay vì quá nặng nề, phức tạp. Các tác giả không đề cập quá nhiều tên, chi tiết và chỉ đưa vào cuốn sách những khoảnh khắc quan trọng, thú vị nhất trong giai đoạn đầu tiên của các vở opera.  Ben Affleck vừa chạm mặt Jennifer Lopez và Jennifer Garner tại một buổi biểu diễn của con gái.  6 giờ trước09:4815/12/2025 0 Tổ chức Hoa hậu Hoàn vũ ra thông báo cho biết ông Mario Búcaro đã kết thúc nhiệm kỳ Giám đốc điều hành chỉ sau một tháng được bổ nhiệm.  14:54 14/12/202514:5414/12/2025 0 Khi “Thế hệ kỳ tích” vừa phát hành một ngày, Hoàng Nam đã vội vã nhận thất bại. Anh cho rằng đây là “cú ngã đau” và “không biết bao giờ mới vực dậy được”."
ZNews,https://znews.vn/tuyet-roi-tren-tu-cam-thanh-qua-ong-kinh-ly-hien-post1611626.html,Du lịch,Null,"Thứ hai, 15/12/2025 15:10 (GMT+7)",Tuyết rơi trên Tử Cấm Thành qua ống kính Lý Hiện,"Ngày 14/12,Lý Hiệnđăng tải bộ ảnh Tử Cấm Thành phủ tuyết trên tài khoản Weibo cá nhân, kèm chú thích: ""Tôi chụpTử Cấm Thànhsau tuyết"". Bài đăng nhanh chóng thu hút sự chú ý của người hâm mộ, với nhiều bình luận bày tỏ sự mong chờ và bất ngờ trước khung cảnh cung điện vắng du khách. Trong loạt ảnh được công bố, Lý Hiện lựa chọn nhiều công trình biểu tượng như Ngọ Môn, điện Thái Hòa và điện Càn Thanh. Các cung điện hiện lên dưới lớp tuyết mỏng, nổi bật giữa nền tường đỏ, trong không gian thưa vắng du khách. Sau trận tuyết đầu tiên của mùa Đông tại Bắc Kinh (Trung Quốc) ngày 12/12,lượng du khách đến Tử Cấm Thànhtăng mạnh. Sáng 13/12, nhiều người dùng mạng xã hội chia sẻ hình ảnh, video cho biết đã tình cờ gặp Lý Hiện khi tham quan, ngắm tuyết tại đây. Trên trang cá nhân, Lý Hiện cho biết anh đã đặt vé tham quan Tử Cấm Thành từ tuần trước ngay khi đọc được thông tin Bắc Kinh có khả năng đón trận tuyết đầu mùa. Nam diễn viên nhận định Cố Cung có thể chụp quanh năm, song khi có tuyết, hiệu ứng thị giác trở nên rõ nét hơn. Cùng thời điểm, hoạt động ngắm tuyết tại Tử Cấm Thành diễn ra sôi động. Một số du khách cho biết họ xin nghỉ làm để đến tham quan, trong khi có người đã đặt vé trước đó 5 ngày. Nhiều hình ảnh, video đăng tải trên mạng xã hội cho thấy không ít nữ du khách mặc Hán phục chụp ảnh trong khuôn viên di tích. Người dùng mạng để lại các bình luận hài hước như ""các nương nương hồi cung"" hay ""Hán phục rất hợp với cảnh tuyết ở Tử Cấm Thành"". Ngày 12/12, thủ đô Bắc Kinh ghi nhận trận tuyết rơi đầu tiên của mùa Đông. Theo Đài Khí tượng Bắc Kinh, đây là đợt tuyết từ trung bình đến lớn, muộn hơn trung bình nhiều năm 9 ngày. Nhiều điểm tham quan như Tử Cấm Thành thu hút đông khách ""săn"" tuyết. Ngoài công việc diễn xuất, Lý Hiện dành nhiều thời gian cho nhiếp ảnh. Anh thường mang theo máy ảnh trong các chuyến đi và tham gia những hành trình cùng giới nhiếp ảnh. Những bộ ảnh Lý Hiện chia sẻ cho thấy nhiếp ảnh không chỉ là thú vui bên lề mà là đam mê anh theo đuổi nghiêm túc. Du lịch là để tận hưởng hay sống ảo? Theo TS Đặng Hoàng Giang - tác giả cuốn sáchVẻ đẹp của cảnh sắc tầm thường- việc chạy theo những gì được cho là đẹp theo tiêu chuẩn số đông đang phá vỡ sự nguyên sơ, gây tổn hại nghiêm trọng đến hệ sinh thái tự nhiên. Mục Du lịch - Ẩm thực giới thiệu nội dung buổi chia sẻ của tác giả Đặng Hoàng Giang về quan điểm du lịch đang khiến con người quên đi việc tận hưởng vẻ đẹp của thiên nhiên. > Đọc tiếp:Hệ luỵ của du lịch 'sống ảo'  Sau trận tuyết đầu mùa phủ trắng Bắc Kinh, nhiều du khách bất ngờ bắt gặp diễn viên Lý Hiện 'săn' ảnh tuyết tại Tử Cấm Thành.  Trận tuyết đầu mùa phủ trắng Tử Cấm Thành, tạo nên khung cảnh nổi bật trên nền tường đỏ, mái ngói vàng. Đông đảo người dân và du khách đổ về nơi đây tham quan, chụp ảnh.  Dự báo tuyết rơi đầu mùa khiến nhu cầu tham quan Tử Cấm Thành tăng đột biến, toàn bộ vé trong hai ngày cuối tuần nhanh chóng bán hết."
ZNews,https://lifestyle.znews.vn/dong-ho-cho-xem-gio-qua-bau-nguc-post1611452.html,Lifestyle,Null,"Thứ hai, 15/12/2025 15:25 (GMT+7)",Đồng hồ cho xem giờ qua bầu ngực,"Những ngày cuối năm 2025 đánh dấu loạt phát hành cuối cùng của thị trường đồng hồ. Tuần qua, bên cạnh sự kết hợp giữa Konstantin Chaykin và GMT với cỗ máy xem giờ qua bầu ngực kiểu mới, Frederique Constant và Time+Tide cũng gây chú ý khi giới thiệu mẫu đồng hồ thể thao với mặt số onyx, loại bỏ cọc số và kim không phát quang. Dưới đây,On Wristgiới thiệu những cỗ máy đáng chú ý trong tuần thứ hai của tháng 12. Ảnh minh họa:Doxa. Konstantin Chaykinx GMT “Venus” là cỗ máy được lấy cảm hứng từ kiệt tácThe Birth of Venuscủa danh họa Sandro Botticelli, đồng thời cũng là lần đầu hình ảnh dáng hình nữ giới xuất hiện trên mặt số của dòng đồng hồ này. Cỗ máy sở hữu chức năng lịch trăng được sử dụng như khuôn mặt của nữ thần Venus. Hai chi tiết nổi bật nhất trên mặt số là phần ngực của Venus, được sử dụng như hai đĩa chỉ giờ và phút. Hoàn thiện tổng thể được bổ sung bằng họa tiết guilloché uốn lượn mô phỏng mái tóc đang chuyển động. Phiên bản được sản xuất giới hạn 99 chiếc. Mẫu nguyên bản sẽ được đem đấu giá, với toàn bộ số tiền thu được dùng để hỗ trợ các chương trình phòng, chống ung thư vú. Đồng hồ có giá21.430 EUR(khoảng25.100 USD). Ảnh:Konstantin Chaykin. Nomosvừa giới thiệu 2 phiên bản giới hạn mới của Club Sport neomatik Worldtimer, đều sử dụng mặt số tông champagne. Mỗi phiên bản được sản xuất với số lượng 175 chiếc, giá bán5.190 USD. Thiết kế vẫn giữ bố cục quen thuộc của dòng Worldtimer, với mặt số phụ hơi lõm tại vị trí 3 giờ hiển thị múi giờ gốc. Thang 24 giờ hai tông màu cho phép phân biệt ngày và đêm, đi kèm kim chỉ giờ màu cam hoặc vàng tùy phiên bản. Bộ đếm giây nhỏ đặt tại vị trí 6 giờ được hoàn thiện dạng vân xoáy. Kim giờ, kim phút dạng bút chì cùng các cọc số phủ Super-LumiNova màu xanh, cho khả năng quan sát trong điều kiện thiếu sáng. Ảnh:Nomos. Highlife Moonphase Manufacture Onyx Moon là phiên bản hợp tác giữaFrederique Constantvà nền tảng đồng hồ Time+Tide, thuộc dòng Highlife, giới hạn 100 chiếc. Đây là lần đầu tiên dòng Highlife sử dụng mặt số đá, cụ thể là onyx đen. Khác với các mẫu Highlife tiêu chuẩn, phiên bản này loại bỏ hoàn toàn họa tiết địa cầu dập nổi trên mặt số, để lộ bề mặt đá onyx tối, có khả năng hấp thụ ánh sáng. Các cọc số ứng dụng cũng không xuất hiện, trong khi kim trung tâm được hoàn thiện chải xước và đánh bóng, không phủ chất phát quang. Đồng hồ có giá4.350 GBP(khoảng5.800 USD). Ảnh:Monochrome Watches. Essence Ceramica Dark Matter là phiên bản sử dụng vỏ gốm toàn phần củaFormex, ra mắt trong khuôn khổ kỷ niệm 25 năm thương hiệu. Mặt số đồng hồ được cắt từ khối thiên thạch Muonionalusta nguyên khối, sau đó xử lý bằng phương pháp mạ điện nickel đen độc quyền. Khác với nhiều mặt số thiên thạch trên thị trường vốn chỉ là lớp phủ gắn lên đế đồng thau, mặt số của Essence Ceramica Dark Matter đóng vai trò kết cấu hoàn chỉnh, có chân hàn trực tiếp và ô lịch ngày được gia công chính xác tại góc 6 giờ. Đồng hồ có giá4.590 EUR(khoảng5.400 USD). Ảnh:Monochrome Watches. Tuần qua,Sartory Billardra mắt mẫu SB04-E Exquisite Blue Guillochém được sản xuất với số lượng 25 chiếc, giá bán6.400 USD. Cỗ máy có điểm gây chú ý ở mặt số guilloché nhiều lớp hoa văn, hoàn thiện tông xanh chuyển sắc dần sang trắng. Vỏ làm từ thép không gỉ, đường kính 39,5 mm, độ dày 10,3 mm. Phần mặt trước được đánh bóng, trong khi cạnh hông và mặt đáy hoàn thiện chải xước, kết hợp các đường vát đánh bóng ở cả phía trước lẫn sau. Bezel lõm tạo hiệu ứng phản xạ ánh sáng khác nhau, đồng thời giúp tổng thể vỏ trông mỏng hơn so với kích thước thực tế. Ảnh:Time+Tide Watches. Doxahợp tác cùng nhà bán lẻ Topper, ra mắt SUB 250T GMT ‘Great White’ Topper Edition, tiếp nối phiên bản Great White ra mắt trước đó. Mẫu đồng hồ này giữ nguyên ngôn ngữ thiết kế trắng toàn phần, đồng thời bổ sung chức năng GMT để hiển thị múi giờ thứ hai. Mặt số sử dụng tông trắng với khả năng phát quang mạnh. Các chi tiết màu xanh được làm nổi rõ trên nền sáng, giúp phân biệt hai múi giờ một cách trực quan. Cỗ máy với kim giây sử dụng đầu dạng “lollipop” hình vuông này được sản xuất giới hạn 100 chiếc, giá bán2.990 USD. Ảnh:Doxa. Sports Pink Panther Limited Edition là phiên bản hợp tác giữaSeikovà nhân vật hoạt hình Pink Panther, phát triển từ nền tảng dòng ‘5KX’. Thiết kế xoay quanh tông hồng đặc trưng của Pink Panther. Trên mặt số, các dấu chân báo hồng được in nổi bật, gợi lại chi tiết quen thuộc trong loạt phim hoạt hình, nơi các dấu vết dẫn nhân vật Little Man đến sự xuất hiện của Pink Panther. Phiên bản này đi kèm thêm dây nylon có thể thay thế, in dòng chữ “WET PAINT”, chi tiết gợi nhớ đến hình ảnh quen thuộc trong phim hoạt hình. Cỗ máy có giá450 USD, giới hạn 9.999 chiếc. Ảnh:Seiko. On Wristlà series cập nhật thông tin hàng tuần về các mẫu đồng hồ mới nhất từ khắp nơi trên thế giới, đến từ các thương hiệu nổi tiếng và cả những cái tên mới nổi bật, từ đó phản ánh xu hướng chơi đồng hồ hiện nay. Xu hướng thời trang bền vững tăng dần qua các năm Bắt đầu từ khoảng năm 2014, số lượt tìm kiếm “quần áo giá rẻ” bắt đầu giảm mạnh, trong khi cùng thời điểm này, số lượt tìm kiếm “quần áo bền vững” tăng mạnh. Trong cuốnThế giới không rác thải, tác giả Ron Gonen cho rằng sự chú ý vào xu hướng phát triển bền vững trong ngành thời trang đang tăng đột phá dưới sự mở đường của những nhà tiên phong trong lĩnh vực thời trang bền vững như Stella McCartney, Eileen Fisher và Yvon Chouinard của Patagonia.  Dù sở hữu cấu trúc Streamliner đặc trưng và mặt số Vantablack sang trọng, mẫu đồng hồ 37.200 USD của H. Moser & Cie bị chê vì núm vặn pixel xấu, thiếu tinh tế.  AVI-8 trình làng mẫu đồng hồ đa dụng hướng đến nhu cầu đeo hàng ngày giá chỉ 450 USD. Hãng Anh Quốc Fears thử nghiệm đưa tinh thần hội họa hiện đại lên mặt số sơn mài.  Tuần qua, Lederer giới thiệu đồng hồ xoay chuyển động thành mặt số trong thiết kế 39 mm. Không kém cạnh Girard-Perregaux ra mắt cỗ máy thể thao tích hợp tourbillon hiếm hoi."
ZNews,https://znews.vn/thu-tuong-cong-an-nhan-dan-phai-la-cho-dua-vung-chac-cua-nhan-dan-post1611675.html,Xã hội,Null,"Thứ hai, 15/12/2025 15:44 (GMT+7)",Thủ tướng: Công an nhân dân phải là chỗ dựa vững chắc của nhân dân,"Cùng dự Hội nghị có các đồng chí: Ủy viên Bộ Chính trị, Bí thư Đảng ủy Công an Trung ương, Bộ trưởng Bộ Công an, Đại tướng Lương Tam Quang; các Ủy viên Trung ương Đảng, lãnh đạo các ban, bộ, ngành Trung ương và thành phố Hà Nội; các đồng chí trong Đảng ủy Công an Trung ương, lãnh đạo Bộ Công an và Thủ trưởng Công an các đơn vị, địa phương. Phát biểu khai mạc Hội nghị, Bộ trưởng Bộ Công an Lương Tam Quang nêu rõ, Hội nghị lần này được tổ chức theo hướng đổi mới, rút ngắn thời gian, tăng thảo luận, nhất là tổ chức thảo luận theo tổ nhằm đánh giá tình hình, kết quả các mặt công tác công an năm 2025; đề ra mục tiêu, yêu cầu, chỉ tiêu và nhiệm vụ, giải pháp trọng tâm năm 2026; đồng thời, triển khai chỉ đạo của các đồng chí lãnh đạo chủ chốt của Đảng, Nhà nước tại Hội nghị Đảng ủy Công an Trung ương vào ngày 4/12 vừa qua. Tại Hội nghị, các đại biểu thống nhất đánh giá, năm 2025 có ý nghĩa quan trọng, là năm về đích thực hiện Nghị quyết Đại hội Đảng XIII của Đảng; Kế hoạch phát triển kinh tế - xã hội giai đoạn 2021 - 2025. Bên cạnh thời cơ, thuận lợi, tình hình thế giới, khu vực có nhiều biến động phức tạp, đặt ra nhiều thách thức, tác động đến nhiệm vụ bảo đảm an ninh, trật tự. Trong bối cảnh đó, lực lượng Công an nhân dân đã bám sát sự lãnh đạo của Đảng, Nhà nước; thực hiện thắng lợi nhiệm vụ bảo vệ an ninh quốc gia, bảo đảm trật tự, an toàn xã hội và xây dựng lực lượng hậu cần, kỹ thuật Công an nhân dân, đạt và vượt các mục tiêu, yêu cầu đề ra. Trong đó, công tác tham mưu chiến lược tiếp tục là ""điểm sáng"" ngày càng ""sâu - sắc - chắc - kịp thời - hiệu quả hơn"", đóng góp vào nhiều vấn đề quan trọng, chiến lược của đất nước, không để bị động, bất ngờ. Lực lượng Công an nhân dân gương mẫu, đi đầu thực hiện các chủ trương của Đảng, nhất là các nghị quyết chiến lược của Bộ Chính trị; đổi mới, nâng cao tư duy chiến lược và đồng bộ các biện pháp bảo đảm vững chắc an ninh quốc gia trong mọi tình huống, giải quyết căn cơ nhiều vấn đề an ninh từ cơ sở, ngoài biên giới quốc gia, bảo vệ tuyệt đối an ninh, an toàn các sự kiện chính trị, văn hóa, xã hội quan trọng của đất nước theo hướng ""vừa bảo vệ tuyệt đối an ninh, an toàn, vừa tạo thuận lợi tối đa để nhân dân thụ hưởng, khơi dậy mạnh mẽ tự hào dân tộc, lòng yêu nước, khát vọng cống hiến trong nhân dân"". Công an nhân dân gương mẫu đi đầu trong xây dựng, hoàn thiện pháp luật, cải cách hành chính, tháo gỡ ""điểm nghẽn"" trong quản lý nhà nước về an ninh, trật tự; tiên phong đột phá phát triển khoa học, công nghệ, đổi mới sáng tạo và chuyên đổi số quốc gia; đi đầu trong kiện toàn, sắp xếp tổ chức bộ máy ""tinh, gọn, mạnh"" tạo tiền đề, cung cấp thực tiễn quan trọng để triển khai chính quyền địa phương hai cấp; quyết liệt hiện đại hóa cơ sở vật chất và phát triển công nghiệp an ninh theo hướng tự chủ, tự lực, tự cường, lưỡng dụng, hiện đại. Công tác tham mưu, lãnh đạo, chỉ huy được tập trung, sâu sát, đồng bộ, quyết liệt, hiệu quả và hướng về cơ sở. Lực lượng Công an nhân dân luôn là ""điểm tựa bình yên"" của nhân dân trong gian khó, hiểm nguy, thiên tai, bão lũ và làm tốt công tác an sinh xã hội. Đảng ủy Công an Trung ương, Bộ Công an đã quán triệt sâu sắc và thống nhất thực hiện khẩu hiệu hành động: ""Theo lời Bác dạy - Đổi mới tư duy, Nâng cao tri thức - Chính quy, hiện đại - Vì Đảng, vì dân""; xác định 9 nhóm nhiệm vụ công tác, 3 giải pháp đột phá trong năm 2026. Phát biểu tại Hội nghị, thay mặt lãnh đạo Đảng và Nhà nước, Thủ tướng Phạm Minh Chính khẳng định lực lượng Công an nhân dân có những đóng góp quan trọng đối với thành tựu chung của đất nước và chúc mừng, biểu dương những kết quả, thành tích to lớn mà lực lượng Công an nhân dân đã đạt được trong năm 2025. Thủ tướng Chính phủ đánh giá, lực lượng Công an nhân dân đã khẳng định vai trò “3 tiên phong” và “3 gương mẫu” trong triển khai hiệu quả các chủ trương của Đảng, chính sách, pháp luật của Nhà nước và chức năng, nhiệm vụ, thẩm quyền của ngành Công an. Trong đó, tiên phong triển khai tổ chức bộ máy Công an 3 cấp; tiên phong đi đầu trong việc định hình nền tảng số quốc gia, tạo cảm hứng, truyền động lực và giữ vai trò tiên phong triển khai Nghị quyết 57-NQ/TW của Bộ Chính trị; tiên phong trong phong trào Cả nước chung tay vì người nghèo, xóa nhà tạm, nhà dột nát, giúp dân những lúc hiểm nguy, gian khó, khắc phục hậu quả thiên tai tại những nơi khó khăn nhất. Cùng với đó là gương mẫu thể hiện rõ trách nhiệm, tích cực tham mưu tháo gỡ các “điểm nghẽn”, đồng hành, hỗ trợ hệ thống chính trị triển khai thủ tục hành chính trong vận hành chính quyền địa phương 2 cấp; gương mẫu trong việc triển khai thực hiện Nghị quyết 66-NQ/TW của Bộ Chính trị về đổi mới công tác xây dựng và thi hành pháp luật; gương mẫu thực hiện nghiêm túc, hiệu quả công tác đối ngoại và hợp tác quốc tế, đối ngoại Công an nhân dân, góp phần thực hiện hiệu quả đường lối đối ngoại của Đảng, Nhà nước. Theo Thủ tướng Chính phủ, năm 2026 có ý nghĩa đặc biệt quan trọng đối với lực lượng Công an nhân dân, là năm đầu quán triệt, triển khai thực hiện Nghị quyết Đại hội lần thứ XIV của Đảng, Nghị quyết Đại hội đại biểu Đảng bộ Công an Trung ương lần thứ VIII, bên cạnh những thuận lợi còn có những thách thức lớn đối với nhiệm vụ công tác. Vì vậy, năm 2026, lực lượng Công an phải tiếp tục đổi mới mạnh mẽ, chủ động hơn nữa, chuyên nghiệp hơn nữa, thể hiện rõ vai trò nòng cốt trong bảo vệ an ninh quốc gia, bảo đảm trật tự, an toàn xã hội và là chỗ dựa vững chắc của nhân dân. Trên cơ sở đó, Thủ tướng Chính phủ yêu cầu lực lượng Công an nhân dân phải thực hiện tốt phong trào 3 nhất ""Kỷ luật nhất - Trung thành nhất - Gần dân nhất"" và công tác Công an trong kỷ nguyên mới phải bảo đảm 3 tốt ""An ninh trật tự tốt nhất - Góp phần phát triển đất nước tốt nhất - Phục vụ nhân dân tốt nhất"", đóng vai trò kiến tạo môi trường an toàn, lành mạnh để tăng trưởng kinh tế 2 con số. Nhất trí với các phương hướng, nhiệm vụ mà Đảng ủy Công an Trung ương, Bộ Công an đã đề ra, Thủ tướng Phạm Minh Chính nhấn mạnh các nhóm nhiệm vụ trọng tâm cần tập trung thực hiện. Trong đó, tập trung bảo vệ tuyệt đối an ninh, an toàn Đại hội đại biểu toàn quốc lần thứ XIV của Đảng và bầu cử đại biểu Quốc hội khóa XVI, bầu cử đại biểu Hội đồng nhân dân nhiệm kỳ 2026-2031; xây dựng pháo đài kiên cố về ổn định chính trị; ""Lá chắn thép an ninh chiến lược""; trận địa vững chắc về trật tự, an toàn xã hội; ""Tường lửa quốc gia trên không gian mạng"" và ""thế trận lòng dân bền chặt trên mặt trận tư tưởng"". Thủ tướng chỉ rõ phải chủ động nắm chắc tình hình, tham mưu chiến lược với Đảng, Nhà nước về các giải pháp ứng phó với sự thay đổi của tình hình thế giới và khu vực; tiếp tục đổi mới tư duy, phương pháp, cách làm trong công tác bảo đảm an ninh trật tự; chủ động tấn công, trấn áp các loại tội phạm...; tập trung tham mưu, xây dựng, hoàn thiện thể chế theo hướng đồng bộ; nâng cao hiệu lực, hiệu quả quản lý nhà nước về an ninh, trật tự... Thủ tướng Chính phủ yêu cầu tăng cường xây dựng củng cố tiềm lực tài chính, hậu cần - kỹ thuật, trong đó tập trung phát triển công nghiệp an ninh tự chủ, hiện đại, lưỡng dụng; coi trọng công tác xây dựng Đảng, xây dựng lực lượng Công an nhân dân; phát huy phong trào văn hóa - thể thao và đối ngoại Công an nhân dân. Thủ tướng Chính phủ Phạm Minh Chính tin tưởng lực lượng Công an nhân dân sẽ lập nhiều thành tích, chiến công xuất sắc hơn nữa, đóng góp quan trọng và nhiều hơn nữa vào sự nghiệp xây dựng và bảo vệ Tổ quốc, đưa đất nước bước vào kỷ nguyên mới, kỷ nguyên giàu mạnh, văn minh, phồn vinh, thịnh vượng, vững bước đi lên chủ nghĩa xã hội... Cuốn sáchKinh tế Việt Nam: Thăng trầm và Đột phácủa Thủ tướng, Phó Giáo sư Phạm Minh Chính và Vương Quân Hoàng, khái quát bức tranh toàn cảnh nền kinh tế Việt Nam từ khi giành được độc lập tới cuộc khủng hoảng kinh tế năm 2008. Qua đó, giúp bạn đọc hiểu tường tận về một giai đoạn thăng trầm và đột phá của kinh tế nước nhà. Cuốn sách là kết quả của sự đầu tư nghiêm túc với lượng thông tin phong phú, được sưu tầm, tuyển chọn và tính toán từ nhiều nguồn trong nước và nước ngoài trong khoảng thời gian dài.  6 giờ trước10:1415/12/2025 0 Sáng 15/12, tại Hà Nội, Thủ tướng Phạm Minh Chính dự Hội nghị Công an Toàn quốc lần thứ 81.  17:09 13/12/202517:0913/12/2025 0 Thủ tướng Phạm Minh Chính yêu cầu Bộ Tư pháp, ngành Tư pháp phải phát huy vai trò nòng cốt trong tham mưu xây dựng, hoàn thiện thể chế, đổi mới tư duy làm luật chuyển từ ""quản lý bằng pháp luật"" sang ""kiến tạo thể chế phát triển""; xóa bỏ tư duy ""không biết mà vẫn quản"", ""không quản được thì cấm"".  11:48 12/12/202511:4812/12/2025 0 Thủ tướng yêu cầu xử lý nghiêm những chủ đầu tư, doanh nghiệp vi phạm quy định pháp luật trong việc xét duyệt đối tượng hoặc các tổ chức, cá nhân có hoạt động môi giới trái phép, trục lợi chính sách"
ZNews,https://znews.vn/xe-qua-tai-4-lan-lam-sap-cau-o-tay-ninh-post1611274.html,Xã hội,Null,"Thứ hai, 15/12/2025 15:08 (GMT+7)",Xe quá tải 4 lần làm sập cầu ở Tây Ninh,"Sáng 15/12, đại diện Sở Xây dựng tỉnhTây Ninhcho biết đơn vị đã ban hành thông báo khẩn, cấm người và phương tiện lưu thông qua cầu tạm Ông Mười Tâm từ 7h ngày 11/12 tại lý trình Km 23+500, đường tỉnh 831 (xã Vĩnh Hưng). Việc phong tỏa sẽ duy trì cho đến khi hoàn tất công tác khắc phục sự cố. Theo cơ quan chức năng, sự cố xảy ra lúc 3h10 sáng 11/12. Vào thời điểm này, xe cẩu biển số 63LA-0162 của công ty TNHH CK VT Thuận Thành Phong - có tải trọng 38 tấn, tức vượt hơn 4 lần tải trọng của cầu tạm đã lưu thông qua đây khiến cầu sập nhịp giữa. Nhịp giữa cầu sắt tạm trên đường tỉnh 831 (xã Vĩnh Hưng, tỉnh Tây Ninh) bị sập. Ảnh:CTV. Sự cố khiến giao thông khu vực xã Vĩnh Hưng bị tê liệt, buộc ngành chức năng phải đưa ra các lộ trình thay thế như sau: Xe thô sơ, xe 2 bánh: đi vòng qua cầu hiện hữu Kênh Măng Đa, sau đó men theo bờ Tây kênh Măng Đa để sang xã Tân Hưng. Xe tải trên 8 tấn: di chuyển theo đường cặp kênh 28 và kênh 504, qua cầu kênh 504 để trở lại đường tỉnh 831. Xe tải lớn hơn 8 tấn: bắt buộc đi vòng Quốc lộ 62, sang đường tỉnh 819 (kênh 79 cũ) rồi mới vào xã Tân Hưng và ngược lại. Hiện cơ quan chức năng đã khắc phục sự cố. Đáng chú ý, tuyến đường vòng dành cho xe tải nặng dài gần 50km, khiến nhiều tài xế mất thêm thời gian và chi phí đi lại. Cơ quan chức năng khuyến cáo người dân và tài xế tuân thủ tuyệt đối biển báo, hướng dẫn trên hiện trường nhằm đảm bảo an toàn trong thời gian khắc phục sự cố. Lực lượng chức năng đang khẩn trương khắc phục sự cố sập cầu tạm. Tủ sách Xã hộigiới thiệu những cuốn sách hay và mới về các chủ đề từ thời sự, chính trị, đến giao thông, hạ tầng... Tủ sách đồng thời cung cấp nhiều kiến thức, dữ liệu để độc giả hiểu nhiều lĩnh vực khác nhau của đời sống xã hội.  10:43 2/11/202510:432/11/2025 0 Cầu Cây Sung (xã Bình Minh, tỉnh Quảng Ngãi) bất ngờ đổ sập khiến một người dân đi xe máy rơi xuống nước. Hiện 316 hộ/1.280 nhân khẩu đang bị chia cắt, cô lập sau sự cố sập cầu.  12:00 12/3/202512:0012/3/2025 019 Sau vụ sập cầu Cái Đôi Vàm, cơ quan chức năng tỉnh Cà Mau khẩn trương khắc phục sự cố, chỉ rõ nguyên nhân, đồng thời kiểm điểm trách nhiệm những người có liên quan.  08:00 16/8/202508:0016/8/2025 0 Cơn mưa kéo dài từ chiều muộn đến tối gây ảnh hưởng nhiều khu vực của tỉnh Đồng Nai, trong đó một tuyến đường bị chia cắt do sạt lở, sập cầu."
ZNews,https://znews.vn/79-diem-cau-khanh-thanh-khoi-cong-cong-trinh-chao-mung-dai-hoi-dang-post1611672.html,Xã hội,Null,"Thứ hai, 15/12/2025 15:41 (GMT+7)","79 điểm cầu khánh thành, khởi công công trình chào mừng Đại hội Đảng","Thông tin tại cuộc họp, Bộ trưởng Bộ Xây dựng Trần Hồng Minh cho biết, tính đến ngày 14/12, Bộ Xây dựng đã tổng hợp 237 dự án, công trình trên địa bàn 34 tỉnh, thành phố đủ điều kiện khởi công, khánh thành, thông xe kỹ thuật; trong đó, khởi công 151 dự án, công trình và khánh thành, thông xe kỹ thuật 86 dự án, công trình. Phân theo bộ, ngành, địa phương, 38 dự án của các bộ, ngành; 40 dự án của các tập đoàn, tổng công ty; 159 dự án của các địa phương. Tổng mức đầu tư của các dự án/công trình khoảng3,4 triệu tỷ đồng. Bộ Xây dựng đề xuất tổ chức vào 9 giờ ngày 19/12/2025. Điểm cầu Trung tâm được phát sóng trực tiếp trên Đài Truyền hình Việt Nam và 11 điểm cầu trực tiếp, 67 điểm cầu trực tuyến được kết nối truyền hình về điểm cầu Trung tâm. Trong tổng số 237 dự án, công trình có đủ điều kiện khởi công, khánh thành, thông xe kỹ thuật, Bộ Xây dựng đề xuất 79 điểm cầu - tượng trưng cho 79 năm Ngày Toàn quốc kháng chiến 19/12/1946-19/12/2025, trên cơ sở lĩnh vực, vùng kinh tế, vai trò, ý nghĩa kinh tế - xã hội của dự án, công trình. Hai phương án về điểm cầu Trung tâm: Lễ khánh thành một số công trình và khai trương chuyến bay đầu tiên thuộc Dự án Đầu tư xây dựng Cảng Hàng không quốc tế Long Thành - Giai đoạn 1 (tổng mức đầu tư98.563 tỷ đồng); hoặc tại Lễ khởi công Dự án đầu tư xây dựng Trục đại lộ cảnh quan sông Hồng trên địa bàn thành phố Hà Nội (tổng mức đầu tư855.000 tỷ đồng) hoặc tại Lễ khởi công Dự án đầu tư xây dựng Khu đô thị thể thao Olympic tại Hà Nội (tổng mức đầu tư925.000 tỷ đồng). Ngoài ra, 11 điểm cầu chính tại Lào Cai (khởi công Dự án thành phần 1 thuộc Dự án đầu tư xây dựng tuyến đường sắt Lào Cai - Hà Nội - Hải Phòng); Bắc Ninh (khởi công Dự án Đầu tư phát triển kết cấu hạ tầng khu công nghiệp Quế Võ II - Giai đoạn 2); Quảng Ninh (khởi công Khu dịch vụ du lịch phức hợp cao cấp tại Khu kinh tế Vân Đồn); Hà Nội (2 điểm cầu: Lễ khởi công Dự án đầu tư xây dựng Trục đại lộ cảnh quan sông Hồng trên địa bàn thành phố Hà Nội; Lễ khởi công Dự án đầu tư xây dựng Khu đô thị thể thao Olympic tại Hà Nội); thành phố Huế (khánh thành Bệnh viện Đa khoa Quốc tế Huế); Quảng Ngãi (khởi công Dự án Sản xuất ray đường sắt và thép đặc biệt Hòa Phát Dung Quất); Lâm Đồng (khởi công Dự án xây dựng đường bộ cao tốc Tân Phú - Bảo Lộc); Thành phố Hồ Chí Minh (khởi công Dự án xây dựng Nhà văn hóa Thanh Niên); An Giang (khởi công Dự án Tuyến tàu điện đô thị đoạn 1); thành phố Cần Thơ (khánh thành, thông xe kỹ thuật tuyến chính Dự án đường bộ cao tốc Bắc-Nam phía Đông đoạn Cần Thơ - Hậu Giang - Cà Mau). Bộ trưởng Bộ Xây dựng cho biết, Bộ đang khẩn trương hoàn thiện Báo cáo trung tâm, bài phát biểu của Thủ tướng Chính phủ, tổng kết chặng đường 5 năm 2021-2025 thực hiện đột phá chiến lược phát triển hạ tầng đồng bộ, hiện đại theo Nghị quyết đại hội Đảng lần thứ XIII, khẳng định những thành tựu kinh tế - xã hội đã đạt được và tạo khí thế, động lực mới cho giai đoạn phát triển tiếp theo. Liên quan đến công tác khen thưởng, Thứ trưởng Bộ Nội vụ Cao Huy cho biết, Bộ Nội vụ đã phối hợp chặt chẽ với Bộ Xây dựng để đưa ra các hướng dẫn cụ thể; đến nay đã tổng hợp 59 trường hợp đề nghị khen thưởng, bao gồm 28 tập thể và 31 cá nhân; gồm 2 Huân chương Lao động hạng Nhất, 1 Huân chương Lao động hạng Nhì, 8 Huân chương Lao động hạng Ba cùng 48 Bằng khen của Thủ tướng Chính phủ. Báo cáo trực tuyến tại cuộc họp, đại diện UBND thành phố Hà Nội, Thành phố Hồ Chí Minh, Đồng Nai và một số đơn vị báo cáo cụ thể về tiến độ, điều kiện, công tác chuẩn bị tổ chức các công trình, dự án trên địa bàn; trong đó, làm rõ các tiêu chí khánh thành, phương án và kỹ thuật tổ chức... Đại diện Đài Truyền hình Việt Nam thông tin chi tiết phương án kịch bản tổng thể, phương thức kết nối tín hiệu, bảo đảm hạ tầng kỹ thuật, truyền dẫn và phát sóng, phục vụ tổ chức buổi lễ tại điểm cầu Trung tâm cũng như các điểm cầu trực tiếp, bảo đảm thông suốt, đồng bộ và an toàn. Kết luận cuộc họp, Phó thủ tướng Trần Hồng Hà yêu cầu các bộ, ngành khẩn trương hoàn thiện kịch bản, phương án tổ chức Lễ khánh thành, khởi công gắn với ý nghĩa chính trị của Ngày Toàn quốc kháng chiến 19/12. Phó thủ tướng thống nhất phương án tổ chức 79 điểm cầu, tương ứng với kỷ niệm 79 năm Ngày Toàn quốc kháng chiến, gồm 5 điểm cầu trực tiếp có giao lưu, 7 điểm cầu trực tiếp có kết nối hình ảnh trong buổi lễ và các điểm cầu trực tuyến. Đài Truyền hình Việt Nam chủ trì xây dựng, hoàn thiện kịch bản, phương án tổ chức điểm cầu Trung tâm và các điểm cầu trực tiếp theo hướng rõ ràng, khả thi, bám sát Báo cáo trung tâm và bài phát biểu của Thủ tướng. Nội dung nghệ thuật tại các điểm cầu được lựa chọn phù hợp, tạo không khí chung, bản sắc, tránh hình thức. Tập đoàn Công nghiệp - Viễn thông Quân đội (Viettel), Tập đoàn Bưu chính - Viễn thông Việt Nam (VNPT) và các đơn vị liên quan phối hợp chặt chẽ với Đài Truyền hình Việt Nam, bảo đảm hạ tầng kỹ thuật và đường truyền thông suốt, không để xảy ra sự cố trong suốt thời gian tổ chức chương trình. Đối với điểm cầu Trung tâm, Phó thủ tướng yêu cầu UBND thành phố Hà Nội khẩn trương báo cáo trong ngày 15/12 về khả năng đáp ứng đầy đủ các tiêu chí của công trình, dự án sẽ khởi công trên địa bàn, làm cơ sở xem xét lựa chọn, bảo đảm quy mô, ý nghĩa và thành công của sự kiện. Về công tác thi đua, khen thưởng, Phó thủ tướng đề nghị các bộ, ngành, địa phương căn cứ danh mục công trình được đề xuất để lựa chọn, giới thiệu các tập thể, cá nhân tiêu biểu, đảm bảo khách quan, công bằng, hài hòa, phản ánh sát thực tiễn và thể hiện được khí thế triển khai các công trình. Việc khen thưởng phải đúng người, đúng việc, đúng tiêu chí, gắn với công trình, dự án, kết quả thực tế; bảo đảm tính tiêu biểu, lan tỏa kết quả 5 năm thực hiện nhiệm vụ; phản ánh đầy đủ con người, tổ chức, giữa Trung ương và địa phương, trong nước và nước ngoài, doanh nghiệp nhà nước và doanh nghiệp tư nhân, các cơ quan Đảng, Nhà nước, Mặt trận ở địa phương. Ngoài ra, phần khen thưởng tại buổi lễ có hình thức, thời lượng phù hợp để phản ánh phong trào thi đua lớn trong 5 năm, bảo đảm ý nghĩa động viên, tránh hình thức. Tủ sách Xã hộigiới thiệu những cuốn sách hay và mới về các chủ đề từ thời sự, chính trị, đến giao thông, hạ tầng... Tủ sách đồng thời cung cấp nhiều kiến thức, dữ liệu để độc giả hiểu nhiều lĩnh vực khác nhau của đời sống xã hội.  43 phút trước15:0815/12/2025 0 Một xe cẩu vượt tải gấp hơn 4 lần quy định đã khiến cầu tạm Ông Mười Tâm trên tuyến đường tỉnh 831 (Tây Ninh) sập nhịp giữa. Sự cố buộc cơ quan chức năng phong tỏa khẩn cấp, phương tiện tải nặng phải đi vòng gần 50 km.  49 phút trước15:0115/12/2025 0 Một vụ hỏa hoạn bất ngờ xảy ra tại căn hộ tầng 12 tòa CT8B, chung cư Đại Thanh (Hà Nội) vào trưa 15/12 khiến khói lửa bốc cháy ngùn ngụt, hàng trăm cư dân hoảng loạn di chuyển xuống sảnh thoát nạn; rất may vụ cháy không gây thương vong về người.  57 phút trước14:5415/12/2025 0 UBND TP.HCM vừa thành lập Ban Chỉ đạo TP.HCM về hội nhập quốc tế do Chủ tịch Nguyễn Văn Được làm Trưởng ban."
ZNews,https://znews.vn/loi-dung-luc-nha-trai-di-don-dau-em-ho-chu-re-trom-tien-cua-gia-chu-post1610802.html,Pháp luật,Null,"Thứ hai, 15/12/2025 15:27 (GMT+7)","Lợi dụng lúc nhà trai đi đón dâu, em họ chú rể trộm tiền của gia chủ","Vụ việc nhanh chóng được Công an xã Bảo Đài (tỉnh Bắc Ninh) làm rõ chỉ sau thời gian ngắn tiếp nhận tin báo. Theo Công an xã Bảo Đài (Bắc Ninh), cơ quan này đã kịp thời đấu     tranh, làm rõ đối tượng thực hiện hành vi trộm cắp tài sản xảy ra tại     một đám cưới trên địa bàn xã. Đối tượng Trương Thị Huyền. Ảnh:Công an xã Bảo Đài. Trước đó, trong quá trình tổ chức đám cưới tại gia đình anh Nguyễn     Mạnh D (SN 1996, trú tại thôn Dĩnh Bạn, xã Bảo Đài), gia chủ phát hiện     bị mất một chiếc ví da, bên trong có số tiền cùng một số giấy tờ tùy thân     khác. Tổng trị giá tài sản bị mất khoảng 9,5 triệu đồng. Ngay sau khi tiếp nhận tin báo của người dân, Công an xã Bảo Đài đã     nhanh chóng triển khai lực lượng, tiến hành xác minh, thu thập thông tin     và rà soát các đối tượng nghi vấn. Bằng các biện pháp nghiệp vụ, chỉ trong thời gian ngắn, Công an xã     Bảo Đài đã xác định và làm rõ đối tượng thực hiện hành vi trộm cắp tài     sản là Trương Thị Huyền (SN 2002, trú tại thôn Đìa, xã Yên Thế, tỉnh Bắc Ninh). Đáng chú ý, Huyền là em họ của chú rể, nhân cơ hội gia đình đi đón dâu     không có người ở nhà, đối tượng đã lấy trộm tài sản. Tại Cơ quan Công     an, đối tượng đã thừa nhận toàn bộ hành vi vi phạm của mình. Tang vật     liên quan đến vụ việc đã được thu hồi theo quy định. Qua vụ việc này, Công an xã Bảo Đài khuyến cáo người dân nâng cao     tinh thần cảnh giác, chủ động bảo quản tài sản, đặc biệt trong các dịp     tổ chức sự kiện, hiếu hỷ, nơi đông người; đồng thời kịp thời cung cấp     thông tin cho lực lượng Công an khi phát hiện các dấu hiệu nghi vấn, góp     phần giữ vững an ninh trật tự trên địa bàn. Sách về Pháp luật TheoLuật Ban hành văn bản quy phạm pháp luật (sửa đổi), tham vấn chính sách là việc trao đổi trực tiếp giữa cơ quan lập đề xuất chính sách với cơ quan, tổ chức, cá nhân được tham vấn theo quy định của Luật này nhằm lựa chọn giải pháp, hoàn thiện chính sách của dự án luật, nghị quyết của Quốc hội, pháp lệnh của Ủy ban Thường vụ Quốc hội.  2 giờ trước13:1915/12/2025 0 Bị cáo Hoàng Thị Thúy Lan, cựu Bí thư Tỉnh ủy Vĩnh Phúc, sau thời gian dài tạm giam tinh thần đã ổn định hơn, không còn tiều tụy như khi xuất hiện ở phiên tòa sơ thẩm.  2 giờ trước13:4015/12/2025 0 Phòng Cảnh sát kinh tế Công an TP Hà Nội đã tập trung lực lượng, rà soát, đấu tranh bắt giữ liên tiếp 3 vụ sản xuất, vận chuyển, buôn bán hàng cấm là pháo nổ các loại.  3 giờ trước13:0415/12/2025 0 Trong 12 bị cáo có đơn kháng cáo xin giảm nhẹ hình phạt có ông Phùng Quang Hùng (cựu Chủ tịch UBND tỉnh Vĩnh Phúc) có đơn xin xét xử vắng mặt do đột quỵ, đang phải điều trị tại bệnh viện."
